-- phpMyAdmin SQL Dump
-- version 5.2.2
-- https://www.phpmyadmin.net/
--
-- Host: localhost:3306
-- Generation Time: Dec 31, 2025 at 11:03 AM
-- Server version: 10.11.15-MariaDB
-- PHP Version: 8.4.14

SET SQL_MODE = "NO_AUTO_VALUE_ON_ZERO";
START TRANSACTION;
SET time_zone = "+00:00";


/*!40101 SET @OLD_CHARACTER_SET_CLIENT=@@CHARACTER_SET_CLIENT */;
/*!40101 SET @OLD_CHARACTER_SET_RESULTS=@@CHARACTER_SET_RESULTS */;
/*!40101 SET @OLD_COLLATION_CONNECTION=@@COLLATION_CONNECTION */;
/*!40101 SET NAMES utf8mb4 */;

--
-- Database: `nazmulco_database`
--

-- --------------------------------------------------------

--
-- Table structure for table `areas`
--

CREATE TABLE `areas` (
  `id` bigint(20) UNSIGNED NOT NULL,
  `user_id` bigint(20) UNSIGNED NOT NULL,
  `name` varchar(255) NOT NULL,
  `status` tinyint(4) NOT NULL COMMENT '1 = Active, 0 = Inactive',
  `created_at` timestamp NULL DEFAULT NULL,
  `updated_at` timestamp NULL DEFAULT NULL
) ENGINE=InnoDB DEFAULT CHARSET=utf8mb4 COLLATE=utf8mb4_unicode_ci;

--
-- Dumping data for table `areas`
--

INSERT INTO `areas` (`id`, `user_id`, `name`, `status`, `created_at`, `updated_at`) VALUES
(1, 2, 'Nazmul Islam', 1, '2025-12-09 07:09:39', '2025-12-09 07:09:39');

-- --------------------------------------------------------

--
-- Table structure for table `bank_accounts`
--

CREATE TABLE `bank_accounts` (
  `id` bigint(20) UNSIGNED NOT NULL,
  `bank_name` varchar(255) NOT NULL,
  `branch_name` varchar(255) NOT NULL,
  `account_name` varchar(255) NOT NULL,
  `account_type` varchar(255) NOT NULL,
  `account_number` varchar(255) NOT NULL,
  `opening_balance` decimal(12,2) NOT NULL DEFAULT 0.00,
  `status` tinyint(1) NOT NULL DEFAULT 1,
  `user_id` bigint(20) UNSIGNED NOT NULL,
  `created_at` timestamp NULL DEFAULT NULL,
  `updated_at` timestamp NULL DEFAULT NULL
) ENGINE=InnoDB DEFAULT CHARSET=utf8mb4 COLLATE=utf8mb4_unicode_ci;

-- --------------------------------------------------------

--
-- Table structure for table `bank_transactions`
--

CREATE TABLE `bank_transactions` (
  `id` bigint(20) UNSIGNED NOT NULL,
  `bank_account_id` bigint(20) UNSIGNED NOT NULL,
  `date` date NOT NULL,
  `type` enum('deposit','withdraw') NOT NULL,
  `amount` decimal(12,2) NOT NULL,
  `description` text DEFAULT NULL,
  `user_id` bigint(20) UNSIGNED NOT NULL,
  `created_at` timestamp NULL DEFAULT NULL,
  `updated_at` timestamp NULL DEFAULT NULL
) ENGINE=InnoDB DEFAULT CHARSET=utf8mb4 COLLATE=utf8mb4_unicode_ci;

-- --------------------------------------------------------

--
-- Table structure for table `branches`
--

CREATE TABLE `branches` (
  `id` bigint(20) UNSIGNED NOT NULL,
  `user_id` bigint(20) UNSIGNED NOT NULL,
  `name` varchar(255) NOT NULL,
  `address` varchar(255) NOT NULL,
  `balance` decimal(20,2) NOT NULL DEFAULT 0.00,
  `status` tinyint(4) NOT NULL COMMENT '1 = Active, 0 = Inactive',
  `created_at` timestamp NULL DEFAULT NULL,
  `updated_at` timestamp NULL DEFAULT NULL
) ENGINE=InnoDB DEFAULT CHARSET=utf8mb4 COLLATE=utf8mb4_unicode_ci;

--
-- Dumping data for table `branches`
--

INSERT INTO `branches` (`id`, `user_id`, `name`, `address`, `balance`, `status`, `created_at`, `updated_at`) VALUES
(1, 2, 'Dhaka', 'Mothijheel', 0.00, 1, '2025-11-14 23:31:02', '2025-11-14 23:38:05'),
(2, 2, 'Bangladesh', 'Dhaka,Bangladesh', 0.00, 0, '2025-11-14 23:38:46', '2025-11-14 23:38:46');

-- --------------------------------------------------------

--
-- Table structure for table `categories`
--

CREATE TABLE `categories` (
  `id` bigint(20) UNSIGNED NOT NULL,
  `name` varchar(255) NOT NULL,
  `status` tinyint(4) NOT NULL DEFAULT 1 COMMENT '1=Active, 2=InActive',
  `type` enum('income','expense') NOT NULL DEFAULT 'expense',
  `created_at` timestamp NULL DEFAULT NULL,
  `updated_at` timestamp NULL DEFAULT NULL
) ENGINE=InnoDB DEFAULT CHARSET=utf8mb4 COLLATE=utf8mb4_unicode_ci;

-- --------------------------------------------------------

--
-- Table structure for table `dps_accounts`
--

CREATE TABLE `dps_accounts` (
  `id` bigint(20) UNSIGNED NOT NULL,
  `start_date` date NOT NULL,
  `member_id` bigint(20) UNSIGNED NOT NULL,
  `plan_id` bigint(20) UNSIGNED NOT NULL,
  `monthly_deposit` decimal(10,2) NOT NULL,
  `duration_months` int(11) NOT NULL,
  `interest_rate` decimal(5,2) NOT NULL,
  `total_deposit` decimal(10,2) NOT NULL DEFAULT 0.00,
  `mature_amount` decimal(10,2) NOT NULL DEFAULT 0.00,
  `mature_date` date DEFAULT NULL,
  `status` enum('running','matured','closed') NOT NULL DEFAULT 'running',
  `created_at` timestamp NULL DEFAULT NULL,
  `updated_at` timestamp NULL DEFAULT NULL
) ENGINE=InnoDB DEFAULT CHARSET=utf8mb4 COLLATE=utf8mb4_unicode_ci;

-- --------------------------------------------------------

--
-- Table structure for table `dps_installments`
--

CREATE TABLE `dps_installments` (
  `id` bigint(20) UNSIGNED NOT NULL,
  `dps_id` bigint(20) UNSIGNED NOT NULL,
  `due_date` date NOT NULL,
  `amount` decimal(10,2) NOT NULL,
  `status` enum('pending','paid') NOT NULL DEFAULT 'pending',
  `paid_amount` decimal(10,2) NOT NULL DEFAULT 0.00,
  `created_at` timestamp NULL DEFAULT NULL,
  `updated_at` timestamp NULL DEFAULT NULL
) ENGINE=InnoDB DEFAULT CHARSET=utf8mb4 COLLATE=utf8mb4_unicode_ci;

-- --------------------------------------------------------

--
-- Table structure for table `dps_plans`
--

CREATE TABLE `dps_plans` (
  `id` bigint(20) UNSIGNED NOT NULL,
  `name` varchar(255) NOT NULL,
  `duration_months` int(11) NOT NULL,
  `monthly_deposit` decimal(10,2) NOT NULL,
  `interest_rate` decimal(5,2) NOT NULL,
  `created_at` timestamp NULL DEFAULT NULL,
  `updated_at` timestamp NULL DEFAULT NULL
) ENGINE=InnoDB DEFAULT CHARSET=utf8mb4 COLLATE=utf8mb4_unicode_ci;

-- --------------------------------------------------------

--
-- Table structure for table `failed_jobs`
--

CREATE TABLE `failed_jobs` (
  `id` bigint(20) UNSIGNED NOT NULL,
  `uuid` varchar(255) NOT NULL,
  `connection` text NOT NULL,
  `queue` text NOT NULL,
  `payload` longtext NOT NULL,
  `exception` longtext NOT NULL,
  `failed_at` timestamp NOT NULL DEFAULT current_timestamp()
) ENGINE=InnoDB DEFAULT CHARSET=utf8mb4 COLLATE=utf8mb4_unicode_ci;

-- --------------------------------------------------------

--
-- Table structure for table `fd_rates`
--

CREATE TABLE `fd_rates` (
  `id` bigint(20) UNSIGNED NOT NULL,
  `min_months` int(11) NOT NULL,
  `max_months` int(11) NOT NULL,
  `rate` decimal(5,2) NOT NULL,
  `created_at` timestamp NULL DEFAULT NULL,
  `updated_at` timestamp NULL DEFAULT NULL
) ENGINE=InnoDB DEFAULT CHARSET=utf8mb4 COLLATE=utf8mb4_unicode_ci;

-- --------------------------------------------------------

--
-- Table structure for table `fixed_deposits`
--

CREATE TABLE `fixed_deposits` (
  `id` bigint(20) UNSIGNED NOT NULL,
  `date` date NOT NULL,
  `member_id` bigint(20) UNSIGNED NOT NULL,
  `user_id` bigint(20) UNSIGNED NOT NULL,
  `area_id` bigint(20) UNSIGNED DEFAULT NULL,
  `deposit_amount` decimal(10,2) NOT NULL,
  `interest_rate` decimal(10,2) NOT NULL,
  `duration_months` int(11) NOT NULL,
  `mature_amount` decimal(10,2) NOT NULL,
  `mature_date` date NOT NULL,
  `status` enum('running','matured','withdrawn') NOT NULL DEFAULT 'running',
  `note` text DEFAULT NULL,
  `created_at` timestamp NULL DEFAULT NULL,
  `updated_at` timestamp NULL DEFAULT NULL
) ENGINE=InnoDB DEFAULT CHARSET=utf8mb4 COLLATE=utf8mb4_unicode_ci;

-- --------------------------------------------------------

--
-- Table structure for table `fixed_deposit_transactions`
--

CREATE TABLE `fixed_deposit_transactions` (
  `id` bigint(20) UNSIGNED NOT NULL,
  `date` date NOT NULL,
  `fd_id` bigint(20) UNSIGNED NOT NULL,
  `member_id` bigint(20) UNSIGNED DEFAULT NULL,
  `user_id` bigint(20) UNSIGNED DEFAULT NULL,
  `amount` decimal(10,2) NOT NULL,
  `transaction_type` varchar(255) NOT NULL,
  `type` varchar(255) NOT NULL,
  `note` varchar(255) DEFAULT NULL,
  `created_at` timestamp NULL DEFAULT NULL,
  `updated_at` timestamp NULL DEFAULT NULL
) ENGINE=InnoDB DEFAULT CHARSET=utf8mb4 COLLATE=utf8mb4_unicode_ci;

-- --------------------------------------------------------

--
-- Table structure for table `income_expenses`
--

CREATE TABLE `income_expenses` (
  `id` bigint(20) UNSIGNED NOT NULL,
  `date` date NOT NULL,
  `user_id` bigint(20) UNSIGNED NOT NULL,
  `category_id` bigint(20) UNSIGNED NOT NULL,
  `amount` decimal(12,2) NOT NULL,
  `type` enum('income','expense') NOT NULL,
  `note` text DEFAULT NULL,
  `created_at` timestamp NULL DEFAULT NULL,
  `updated_at` timestamp NULL DEFAULT NULL
) ENGINE=InnoDB DEFAULT CHARSET=utf8mb4 COLLATE=utf8mb4_unicode_ci;

-- --------------------------------------------------------

--
-- Table structure for table `installments`
--

CREATE TABLE `installments` (
  `id` bigint(20) UNSIGNED NOT NULL,
  `loan_id` bigint(20) UNSIGNED NOT NULL,
  `member_id` bigint(20) UNSIGNED NOT NULL,
  `due_date` date NOT NULL,
  `amount` decimal(40,2) NOT NULL,
  `paid_amount` decimal(40,2) NOT NULL DEFAULT 0.00,
  `remaining_amount` decimal(40,2) NOT NULL DEFAULT 0.00,
  `status` enum('pending','paid','partial') NOT NULL DEFAULT 'pending',
  `paid_date` date DEFAULT NULL,
  `transaction_id` bigint(20) UNSIGNED DEFAULT NULL,
  `note` varchar(255) DEFAULT NULL,
  `created_at` timestamp NULL DEFAULT NULL,
  `updated_at` timestamp NULL DEFAULT NULL,
  `late_fee` decimal(20,2) NOT NULL DEFAULT 0.00,
  `late_fee_paid` decimal(20,2) NOT NULL DEFAULT 0.00
) ENGINE=InnoDB DEFAULT CHARSET=utf8mb4 COLLATE=utf8mb4_unicode_ci;

--
-- Dumping data for table `installments`
--

INSERT INTO `installments` (`id`, `loan_id`, `member_id`, `due_date`, `amount`, `paid_amount`, `remaining_amount`, `status`, `paid_date`, `transaction_id`, `note`, `created_at`, `updated_at`, `late_fee`, `late_fee_paid`) VALUES
(1, 1, 1, '2025-12-02', 216.67, 0.00, 216.67, 'pending', NULL, NULL, NULL, '2025-12-09 08:46:19', '2025-12-09 08:46:19', 0.00, 0.00),
(2, 1, 1, '2025-12-03', 216.67, 0.00, 216.67, 'pending', NULL, NULL, NULL, '2025-12-09 08:46:19', '2025-12-09 08:46:19', 0.00, 0.00),
(3, 1, 1, '2025-12-04', 216.67, 0.00, 216.67, 'pending', NULL, NULL, NULL, '2025-12-09 08:46:19', '2025-12-09 08:46:19', 0.00, 0.00),
(4, 1, 1, '2025-12-05', 216.67, 0.00, 216.67, 'pending', NULL, NULL, NULL, '2025-12-09 08:46:19', '2025-12-09 08:46:19', 0.00, 0.00),
(5, 1, 1, '2025-12-06', 216.67, 0.00, 216.67, 'pending', NULL, NULL, NULL, '2025-12-09 08:46:19', '2025-12-09 08:46:19', 0.00, 0.00),
(6, 1, 1, '2025-12-07', 216.67, 0.00, 216.67, 'pending', NULL, NULL, NULL, '2025-12-09 08:46:19', '2025-12-09 08:46:19', 0.00, 0.00),
(7, 1, 1, '2025-12-08', 216.67, 0.00, 216.67, 'pending', NULL, NULL, NULL, '2025-12-09 08:46:19', '2025-12-09 08:46:19', 0.00, 0.00),
(8, 1, 1, '2025-12-09', 216.67, 216.67, 0.00, 'paid', NULL, NULL, NULL, '2025-12-09 08:46:19', '2025-12-09 08:47:39', 0.00, 0.00),
(9, 1, 1, '2025-12-10', 216.67, 0.00, 216.67, 'pending', NULL, NULL, NULL, '2025-12-09 08:46:19', '2025-12-09 08:46:19', 0.00, 0.00),
(10, 1, 1, '2025-12-11', 216.67, 0.00, 216.67, 'pending', NULL, NULL, NULL, '2025-12-09 08:46:19', '2025-12-09 08:46:19', 0.00, 0.00),
(11, 1, 1, '2025-12-12', 216.67, 0.00, 216.67, 'pending', NULL, NULL, NULL, '2025-12-09 08:46:19', '2025-12-09 08:46:19', 0.00, 0.00),
(12, 1, 1, '2025-12-13', 216.67, 0.00, 216.67, 'pending', NULL, NULL, NULL, '2025-12-09 08:46:19', '2025-12-09 08:46:19', 0.00, 0.00),
(13, 1, 1, '2025-12-14', 216.67, 0.00, 216.67, 'pending', NULL, NULL, NULL, '2025-12-09 08:46:19', '2025-12-09 08:46:19', 0.00, 0.00),
(14, 1, 1, '2025-12-15', 216.67, 0.00, 216.67, 'pending', NULL, NULL, NULL, '2025-12-09 08:46:19', '2025-12-09 08:46:19', 0.00, 0.00),
(15, 1, 1, '2025-12-16', 216.67, 0.00, 216.67, 'pending', NULL, NULL, NULL, '2025-12-09 08:46:19', '2025-12-09 08:46:19', 0.00, 0.00),
(16, 1, 1, '2025-12-17', 216.67, 0.00, 216.67, 'pending', NULL, NULL, NULL, '2025-12-09 08:46:19', '2025-12-09 08:46:19', 0.00, 0.00),
(17, 1, 1, '2025-12-18', 216.67, 0.00, 216.67, 'pending', NULL, NULL, NULL, '2025-12-09 08:46:19', '2025-12-09 08:46:19', 0.00, 0.00),
(18, 1, 1, '2025-12-19', 216.67, 0.00, 216.67, 'pending', NULL, NULL, NULL, '2025-12-09 08:46:19', '2025-12-09 08:46:19', 0.00, 0.00),
(19, 1, 1, '2025-12-20', 216.67, 0.00, 216.67, 'pending', NULL, NULL, NULL, '2025-12-09 08:46:19', '2025-12-09 08:46:19', 0.00, 0.00),
(20, 1, 1, '2025-12-21', 216.67, 0.00, 216.67, 'pending', NULL, NULL, NULL, '2025-12-09 08:46:19', '2025-12-09 08:46:19', 0.00, 0.00),
(21, 1, 1, '2025-12-22', 216.67, 0.00, 216.67, 'pending', NULL, NULL, NULL, '2025-12-09 08:46:19', '2025-12-09 08:46:19', 0.00, 0.00),
(22, 1, 1, '2025-12-23', 216.67, 0.00, 216.67, 'pending', NULL, NULL, NULL, '2025-12-09 08:46:19', '2025-12-09 08:46:19', 0.00, 0.00),
(23, 1, 1, '2025-12-24', 216.67, 0.00, 216.67, 'pending', NULL, NULL, NULL, '2025-12-09 08:46:19', '2025-12-09 08:46:19', 0.00, 0.00),
(24, 1, 1, '2025-12-25', 216.67, 0.00, 216.67, 'pending', NULL, NULL, NULL, '2025-12-09 08:46:19', '2025-12-09 08:46:19', 0.00, 0.00),
(25, 1, 1, '2025-12-26', 216.67, 0.00, 216.67, 'pending', NULL, NULL, NULL, '2025-12-09 08:46:19', '2025-12-09 08:46:19', 0.00, 0.00),
(26, 1, 1, '2025-12-27', 216.67, 0.00, 216.67, 'pending', NULL, NULL, NULL, '2025-12-09 08:46:19', '2025-12-09 08:46:19', 0.00, 0.00),
(27, 1, 1, '2025-12-28', 216.67, 0.00, 216.67, 'pending', NULL, NULL, NULL, '2025-12-09 08:46:19', '2025-12-09 08:46:19', 0.00, 0.00),
(28, 1, 1, '2025-12-29', 216.67, 0.00, 216.67, 'pending', NULL, NULL, NULL, '2025-12-09 08:46:19', '2025-12-09 08:46:19', 0.00, 0.00),
(29, 1, 1, '2025-12-30', 216.67, 0.00, 216.67, 'pending', NULL, NULL, NULL, '2025-12-09 08:46:19', '2025-12-09 08:46:19', 0.00, 0.00),
(30, 1, 1, '2025-12-31', 216.67, 0.00, 216.67, 'pending', NULL, NULL, NULL, '2025-12-09 08:46:19', '2025-12-09 08:46:19', 0.00, 0.00),
(31, 1, 1, '2026-01-01', 216.67, 0.00, 216.67, 'pending', NULL, NULL, NULL, '2025-12-09 08:46:19', '2025-12-09 08:46:19', 0.00, 0.00),
(32, 1, 1, '2026-01-02', 216.67, 0.00, 216.67, 'pending', NULL, NULL, NULL, '2025-12-09 08:46:19', '2025-12-09 08:46:19', 0.00, 0.00),
(33, 1, 1, '2026-01-03', 216.67, 0.00, 216.67, 'pending', NULL, NULL, NULL, '2025-12-09 08:46:19', '2025-12-09 08:46:19', 0.00, 0.00),
(34, 1, 1, '2026-01-04', 216.67, 0.00, 216.67, 'pending', NULL, NULL, NULL, '2025-12-09 08:46:19', '2025-12-09 08:46:19', 0.00, 0.00),
(35, 1, 1, '2026-01-05', 216.67, 0.00, 216.67, 'pending', NULL, NULL, NULL, '2025-12-09 08:46:19', '2025-12-09 08:46:19', 0.00, 0.00),
(36, 1, 1, '2026-01-06', 216.67, 0.00, 216.67, 'pending', NULL, NULL, NULL, '2025-12-09 08:46:19', '2025-12-09 08:46:19', 0.00, 0.00),
(37, 1, 1, '2026-01-07', 216.67, 0.00, 216.67, 'pending', NULL, NULL, NULL, '2025-12-09 08:46:19', '2025-12-09 08:46:19', 0.00, 0.00),
(38, 1, 1, '2026-01-08', 216.67, 0.00, 216.67, 'pending', NULL, NULL, NULL, '2025-12-09 08:46:19', '2025-12-09 08:46:19', 0.00, 0.00),
(39, 1, 1, '2026-01-09', 216.67, 0.00, 216.67, 'pending', NULL, NULL, NULL, '2025-12-09 08:46:19', '2025-12-09 08:46:19', 0.00, 0.00),
(40, 1, 1, '2026-01-10', 216.67, 0.00, 216.67, 'pending', NULL, NULL, NULL, '2025-12-09 08:46:19', '2025-12-09 08:46:19', 0.00, 0.00),
(41, 1, 1, '2026-01-11', 216.67, 0.00, 216.67, 'pending', NULL, NULL, NULL, '2025-12-09 08:46:19', '2025-12-09 08:46:19', 0.00, 0.00),
(42, 1, 1, '2026-01-12', 216.67, 0.00, 216.67, 'pending', NULL, NULL, NULL, '2025-12-09 08:46:19', '2025-12-09 08:46:19', 0.00, 0.00),
(43, 1, 1, '2026-01-13', 216.67, 0.00, 216.67, 'pending', NULL, NULL, NULL, '2025-12-09 08:46:19', '2025-12-09 08:46:19', 0.00, 0.00),
(44, 1, 1, '2026-01-14', 216.67, 0.00, 216.67, 'pending', NULL, NULL, NULL, '2025-12-09 08:46:19', '2025-12-09 08:46:19', 0.00, 0.00),
(45, 1, 1, '2026-01-15', 216.67, 0.00, 216.67, 'pending', NULL, NULL, NULL, '2025-12-09 08:46:19', '2025-12-09 08:46:19', 0.00, 0.00),
(46, 1, 1, '2026-01-16', 216.67, 0.00, 216.67, 'pending', NULL, NULL, NULL, '2025-12-09 08:46:19', '2025-12-09 08:46:19', 0.00, 0.00),
(47, 1, 1, '2026-01-17', 216.67, 0.00, 216.67, 'pending', NULL, NULL, NULL, '2025-12-09 08:46:19', '2025-12-09 08:46:19', 0.00, 0.00),
(48, 1, 1, '2026-01-18', 216.67, 0.00, 216.67, 'pending', NULL, NULL, NULL, '2025-12-09 08:46:19', '2025-12-09 08:46:19', 0.00, 0.00),
(49, 1, 1, '2026-01-19', 216.67, 0.00, 216.67, 'pending', NULL, NULL, NULL, '2025-12-09 08:46:19', '2025-12-09 08:46:19', 0.00, 0.00),
(50, 1, 1, '2026-01-20', 216.67, 0.00, 216.67, 'pending', NULL, NULL, NULL, '2025-12-09 08:46:19', '2025-12-09 08:46:19', 0.00, 0.00),
(51, 1, 1, '2026-01-21', 216.67, 0.00, 216.67, 'pending', NULL, NULL, NULL, '2025-12-09 08:46:19', '2025-12-09 08:46:19', 0.00, 0.00),
(52, 1, 1, '2026-01-22', 216.67, 0.00, 216.67, 'pending', NULL, NULL, NULL, '2025-12-09 08:46:19', '2025-12-09 08:46:19', 0.00, 0.00),
(53, 1, 1, '2026-01-23', 216.67, 0.00, 216.67, 'pending', NULL, NULL, NULL, '2025-12-09 08:46:19', '2025-12-09 08:46:19', 0.00, 0.00),
(54, 1, 1, '2026-01-24', 216.67, 0.00, 216.67, 'pending', NULL, NULL, NULL, '2025-12-09 08:46:19', '2025-12-09 08:46:19', 0.00, 0.00),
(55, 1, 1, '2026-01-25', 216.67, 0.00, 216.67, 'pending', NULL, NULL, NULL, '2025-12-09 08:46:19', '2025-12-09 08:46:19', 0.00, 0.00),
(56, 1, 1, '2026-01-26', 216.67, 0.00, 216.67, 'pending', NULL, NULL, NULL, '2025-12-09 08:46:19', '2025-12-09 08:46:19', 0.00, 0.00),
(57, 1, 1, '2026-01-27', 216.67, 0.00, 216.67, 'pending', NULL, NULL, NULL, '2025-12-09 08:46:19', '2025-12-09 08:46:19', 0.00, 0.00),
(58, 1, 1, '2026-01-28', 216.67, 0.00, 216.67, 'pending', NULL, NULL, NULL, '2025-12-09 08:46:19', '2025-12-09 08:46:19', 0.00, 0.00),
(59, 1, 1, '2026-01-29', 216.67, 0.00, 216.67, 'pending', NULL, NULL, NULL, '2025-12-09 08:46:19', '2025-12-09 08:46:19', 0.00, 0.00),
(60, 1, 1, '2026-01-30', 216.67, 0.00, 216.67, 'pending', NULL, NULL, NULL, '2025-12-09 08:46:19', '2025-12-09 08:46:19', 0.00, 0.00),
(61, 1, 1, '2026-01-31', 216.67, 0.00, 216.67, 'pending', NULL, NULL, NULL, '2025-12-09 08:46:19', '2025-12-09 08:46:19', 0.00, 0.00),
(62, 1, 1, '2026-02-01', 216.67, 0.00, 216.67, 'pending', NULL, NULL, NULL, '2025-12-09 08:46:19', '2025-12-09 08:46:19', 0.00, 0.00),
(63, 1, 1, '2026-02-02', 216.67, 0.00, 216.67, 'pending', NULL, NULL, NULL, '2025-12-09 08:46:19', '2025-12-09 08:46:19', 0.00, 0.00),
(64, 1, 1, '2026-02-03', 216.67, 0.00, 216.67, 'pending', NULL, NULL, NULL, '2025-12-09 08:46:19', '2025-12-09 08:46:19', 0.00, 0.00),
(65, 1, 1, '2026-02-04', 216.67, 0.00, 216.67, 'pending', NULL, NULL, NULL, '2025-12-09 08:46:19', '2025-12-09 08:46:19', 0.00, 0.00),
(66, 1, 1, '2026-02-05', 216.67, 0.00, 216.67, 'pending', NULL, NULL, NULL, '2025-12-09 08:46:19', '2025-12-09 08:46:19', 0.00, 0.00),
(67, 1, 1, '2026-02-06', 216.67, 0.00, 216.67, 'pending', NULL, NULL, NULL, '2025-12-09 08:46:19', '2025-12-09 08:46:19', 0.00, 0.00),
(68, 1, 1, '2026-02-07', 216.67, 0.00, 216.67, 'pending', NULL, NULL, NULL, '2025-12-09 08:46:19', '2025-12-09 08:46:19', 0.00, 0.00),
(69, 1, 1, '2026-02-08', 216.67, 0.00, 216.67, 'pending', NULL, NULL, NULL, '2025-12-09 08:46:19', '2025-12-09 08:46:19', 0.00, 0.00),
(70, 1, 1, '2026-02-09', 216.67, 0.00, 216.67, 'pending', NULL, NULL, NULL, '2025-12-09 08:46:19', '2025-12-09 08:46:19', 0.00, 0.00),
(71, 1, 1, '2026-02-10', 216.67, 0.00, 216.67, 'pending', NULL, NULL, NULL, '2025-12-09 08:46:19', '2025-12-09 08:46:19', 0.00, 0.00),
(72, 1, 1, '2026-02-11', 216.67, 0.00, 216.67, 'pending', NULL, NULL, NULL, '2025-12-09 08:46:19', '2025-12-09 08:46:19', 0.00, 0.00),
(73, 1, 1, '2026-02-12', 216.67, 0.00, 216.67, 'pending', NULL, NULL, NULL, '2025-12-09 08:46:19', '2025-12-09 08:46:19', 0.00, 0.00),
(74, 1, 1, '2026-02-13', 216.67, 0.00, 216.67, 'pending', NULL, NULL, NULL, '2025-12-09 08:46:19', '2025-12-09 08:46:19', 0.00, 0.00),
(75, 1, 1, '2026-02-14', 216.67, 0.00, 216.67, 'pending', NULL, NULL, NULL, '2025-12-09 08:46:19', '2025-12-09 08:46:19', 0.00, 0.00),
(76, 1, 1, '2026-02-15', 216.67, 0.00, 216.67, 'pending', NULL, NULL, NULL, '2025-12-09 08:46:19', '2025-12-09 08:46:19', 0.00, 0.00),
(77, 1, 1, '2026-02-16', 216.67, 0.00, 216.67, 'pending', NULL, NULL, NULL, '2025-12-09 08:46:19', '2025-12-09 08:46:19', 0.00, 0.00),
(78, 1, 1, '2026-02-17', 216.67, 0.00, 216.67, 'pending', NULL, NULL, NULL, '2025-12-09 08:46:19', '2025-12-09 08:46:19', 0.00, 0.00),
(79, 1, 1, '2026-02-18', 216.67, 0.00, 216.67, 'pending', NULL, NULL, NULL, '2025-12-09 08:46:19', '2025-12-09 08:46:19', 0.00, 0.00),
(80, 1, 1, '2026-02-19', 216.67, 0.00, 216.67, 'pending', NULL, NULL, NULL, '2025-12-09 08:46:19', '2025-12-09 08:46:19', 0.00, 0.00),
(81, 1, 1, '2026-02-20', 216.67, 0.00, 216.67, 'pending', NULL, NULL, NULL, '2025-12-09 08:46:19', '2025-12-09 08:46:19', 0.00, 0.00),
(82, 1, 1, '2026-02-21', 216.67, 0.00, 216.67, 'pending', NULL, NULL, NULL, '2025-12-09 08:46:19', '2025-12-09 08:46:19', 0.00, 0.00),
(83, 1, 1, '2026-02-22', 216.67, 0.00, 216.67, 'pending', NULL, NULL, NULL, '2025-12-09 08:46:19', '2025-12-09 08:46:19', 0.00, 0.00),
(84, 1, 1, '2026-02-23', 216.67, 0.00, 216.67, 'pending', NULL, NULL, NULL, '2025-12-09 08:46:19', '2025-12-09 08:46:19', 0.00, 0.00),
(85, 1, 1, '2026-02-24', 216.67, 0.00, 216.67, 'pending', NULL, NULL, NULL, '2025-12-09 08:46:19', '2025-12-09 08:46:19', 0.00, 0.00),
(86, 1, 1, '2026-02-25', 216.67, 0.00, 216.67, 'pending', NULL, NULL, NULL, '2025-12-09 08:46:19', '2025-12-09 08:46:19', 0.00, 0.00),
(87, 1, 1, '2026-02-26', 216.67, 0.00, 216.67, 'pending', NULL, NULL, NULL, '2025-12-09 08:46:19', '2025-12-09 08:46:19', 0.00, 0.00),
(88, 1, 1, '2026-02-27', 216.67, 0.00, 216.67, 'pending', NULL, NULL, NULL, '2025-12-09 08:46:19', '2025-12-09 08:46:19', 0.00, 0.00),
(89, 1, 1, '2026-02-28', 216.67, 0.00, 216.67, 'pending', NULL, NULL, NULL, '2025-12-09 08:46:19', '2025-12-09 08:46:19', 0.00, 0.00),
(90, 1, 1, '2026-03-01', 216.67, 0.00, 216.67, 'pending', NULL, NULL, NULL, '2025-12-09 08:46:19', '2025-12-09 08:46:19', 0.00, 0.00),
(91, 1, 1, '2026-03-02', 216.67, 0.00, 216.67, 'pending', NULL, NULL, NULL, '2025-12-09 08:46:19', '2025-12-09 08:46:19', 0.00, 0.00),
(92, 1, 1, '2026-03-03', 216.67, 0.00, 216.67, 'pending', NULL, NULL, NULL, '2025-12-09 08:46:19', '2025-12-09 08:46:19', 0.00, 0.00),
(93, 1, 1, '2026-03-04', 216.67, 0.00, 216.67, 'pending', NULL, NULL, NULL, '2025-12-09 08:46:19', '2025-12-09 08:46:19', 0.00, 0.00),
(94, 1, 1, '2026-03-05', 216.67, 0.00, 216.67, 'pending', NULL, NULL, NULL, '2025-12-09 08:46:19', '2025-12-09 08:46:19', 0.00, 0.00),
(95, 1, 1, '2026-03-06', 216.67, 0.00, 216.67, 'pending', NULL, NULL, NULL, '2025-12-09 08:46:19', '2025-12-09 08:46:19', 0.00, 0.00),
(96, 1, 1, '2026-03-07', 216.67, 0.00, 216.67, 'pending', NULL, NULL, NULL, '2025-12-09 08:46:19', '2025-12-09 08:46:19', 0.00, 0.00),
(97, 1, 1, '2026-03-08', 216.67, 0.00, 216.67, 'pending', NULL, NULL, NULL, '2025-12-09 08:46:19', '2025-12-09 08:46:19', 0.00, 0.00),
(98, 1, 1, '2026-03-09', 216.67, 0.00, 216.67, 'pending', NULL, NULL, NULL, '2025-12-09 08:46:19', '2025-12-09 08:46:19', 0.00, 0.00),
(99, 1, 1, '2026-03-10', 216.67, 0.00, 216.67, 'pending', NULL, NULL, NULL, '2025-12-09 08:46:19', '2025-12-09 08:46:19', 0.00, 0.00),
(100, 1, 1, '2026-03-11', 216.67, 0.00, 216.67, 'pending', NULL, NULL, NULL, '2025-12-09 08:46:19', '2025-12-09 08:46:19', 0.00, 0.00),
(101, 1, 1, '2026-03-12', 216.67, 0.00, 216.67, 'pending', NULL, NULL, NULL, '2025-12-09 08:46:19', '2025-12-09 08:46:19', 0.00, 0.00),
(102, 1, 1, '2026-03-13', 216.67, 0.00, 216.67, 'pending', NULL, NULL, NULL, '2025-12-09 08:46:19', '2025-12-09 08:46:19', 0.00, 0.00),
(103, 1, 1, '2026-03-14', 216.67, 0.00, 216.67, 'pending', NULL, NULL, NULL, '2025-12-09 08:46:19', '2025-12-09 08:46:19', 0.00, 0.00),
(104, 1, 1, '2026-03-15', 216.67, 0.00, 216.67, 'pending', NULL, NULL, NULL, '2025-12-09 08:46:19', '2025-12-09 08:46:19', 0.00, 0.00),
(105, 1, 1, '2026-03-16', 216.67, 0.00, 216.67, 'pending', NULL, NULL, NULL, '2025-12-09 08:46:19', '2025-12-09 08:46:19', 0.00, 0.00),
(106, 1, 1, '2026-03-17', 216.67, 0.00, 216.67, 'pending', NULL, NULL, NULL, '2025-12-09 08:46:19', '2025-12-09 08:46:19', 0.00, 0.00),
(107, 1, 1, '2026-03-18', 216.67, 0.00, 216.67, 'pending', NULL, NULL, NULL, '2025-12-09 08:46:19', '2025-12-09 08:46:19', 0.00, 0.00),
(108, 1, 1, '2026-03-19', 216.67, 0.00, 216.67, 'pending', NULL, NULL, NULL, '2025-12-09 08:46:19', '2025-12-09 08:46:19', 0.00, 0.00),
(109, 1, 1, '2026-03-20', 216.67, 0.00, 216.67, 'pending', NULL, NULL, NULL, '2025-12-09 08:46:19', '2025-12-09 08:46:19', 0.00, 0.00),
(110, 1, 1, '2026-03-21', 216.67, 0.00, 216.67, 'pending', NULL, NULL, NULL, '2025-12-09 08:46:19', '2025-12-09 08:46:19', 0.00, 0.00),
(111, 1, 1, '2026-03-22', 216.67, 0.00, 216.67, 'pending', NULL, NULL, NULL, '2025-12-09 08:46:19', '2025-12-09 08:46:19', 0.00, 0.00),
(112, 1, 1, '2026-03-23', 216.67, 0.00, 216.67, 'pending', NULL, NULL, NULL, '2025-12-09 08:46:19', '2025-12-09 08:46:19', 0.00, 0.00),
(113, 1, 1, '2026-03-24', 216.67, 0.00, 216.67, 'pending', NULL, NULL, NULL, '2025-12-09 08:46:19', '2025-12-09 08:46:19', 0.00, 0.00),
(114, 1, 1, '2026-03-25', 216.67, 0.00, 216.67, 'pending', NULL, NULL, NULL, '2025-12-09 08:46:19', '2025-12-09 08:46:19', 0.00, 0.00),
(115, 1, 1, '2026-03-26', 216.67, 0.00, 216.67, 'pending', NULL, NULL, NULL, '2025-12-09 08:46:19', '2025-12-09 08:46:19', 0.00, 0.00),
(116, 1, 1, '2026-03-27', 216.67, 0.00, 216.67, 'pending', NULL, NULL, NULL, '2025-12-09 08:46:19', '2025-12-09 08:46:19', 0.00, 0.00),
(117, 1, 1, '2026-03-28', 216.67, 0.00, 216.67, 'pending', NULL, NULL, NULL, '2025-12-09 08:46:19', '2025-12-09 08:46:19', 0.00, 0.00),
(118, 1, 1, '2026-03-29', 216.67, 0.00, 216.67, 'pending', NULL, NULL, NULL, '2025-12-09 08:46:19', '2025-12-09 08:46:19', 0.00, 0.00),
(119, 1, 1, '2026-03-30', 216.67, 0.00, 216.67, 'pending', NULL, NULL, NULL, '2025-12-09 08:46:19', '2025-12-09 08:46:19', 0.00, 0.00),
(120, 1, 1, '2026-03-31', 216.67, 0.00, 216.67, 'pending', NULL, NULL, NULL, '2025-12-09 08:46:19', '2025-12-09 08:46:19', 0.00, 0.00),
(121, 2, 2, '2025-11-09', 206.67, 0.00, 206.67, 'pending', NULL, NULL, NULL, '2025-12-09 08:56:19', '2025-12-09 08:56:19', 0.00, 0.00),
(122, 2, 2, '2025-11-10', 206.67, 0.00, 206.67, 'pending', NULL, NULL, NULL, '2025-12-09 08:56:19', '2025-12-09 08:56:19', 0.00, 0.00),
(123, 2, 2, '2025-11-11', 206.67, 0.00, 206.67, 'pending', NULL, NULL, NULL, '2025-12-09 08:56:19', '2025-12-09 08:56:19', 0.00, 0.00),
(124, 2, 2, '2025-11-12', 206.67, 0.00, 206.67, 'pending', NULL, NULL, NULL, '2025-12-09 08:56:19', '2025-12-09 08:56:19', 0.00, 0.00),
(125, 2, 2, '2025-11-13', 206.67, 0.00, 206.67, 'pending', NULL, NULL, NULL, '2025-12-09 08:56:19', '2025-12-09 08:56:19', 0.00, 0.00),
(126, 2, 2, '2025-11-14', 206.67, 0.00, 206.67, 'pending', NULL, NULL, NULL, '2025-12-09 08:56:19', '2025-12-09 08:56:19', 0.00, 0.00),
(127, 2, 2, '2025-11-15', 206.67, 0.00, 206.67, 'pending', NULL, NULL, NULL, '2025-12-09 08:56:19', '2025-12-09 08:56:19', 0.00, 0.00),
(128, 2, 2, '2025-11-16', 206.67, 0.00, 206.67, 'pending', NULL, NULL, NULL, '2025-12-09 08:56:19', '2025-12-09 08:56:19', 0.00, 0.00),
(129, 2, 2, '2025-11-17', 206.67, 0.00, 206.67, 'pending', NULL, NULL, NULL, '2025-12-09 08:56:19', '2025-12-09 08:56:19', 0.00, 0.00),
(130, 2, 2, '2025-11-18', 206.67, 0.00, 206.67, 'pending', NULL, NULL, NULL, '2025-12-09 08:56:19', '2025-12-09 08:56:19', 0.00, 0.00),
(131, 2, 2, '2025-11-19', 206.67, 0.00, 206.67, 'pending', NULL, NULL, NULL, '2025-12-09 08:56:19', '2025-12-09 08:56:19', 0.00, 0.00),
(132, 2, 2, '2025-11-20', 206.67, 0.00, 206.67, 'pending', NULL, NULL, NULL, '2025-12-09 08:56:19', '2025-12-09 08:56:19', 0.00, 0.00),
(133, 2, 2, '2025-11-21', 206.67, 0.00, 206.67, 'pending', NULL, NULL, NULL, '2025-12-09 08:56:19', '2025-12-09 08:56:19', 0.00, 0.00),
(134, 2, 2, '2025-11-22', 206.67, 0.00, 206.67, 'pending', NULL, NULL, NULL, '2025-12-09 08:56:19', '2025-12-09 08:56:19', 0.00, 0.00),
(135, 2, 2, '2025-11-23', 206.67, 0.00, 206.67, 'pending', NULL, NULL, NULL, '2025-12-09 08:56:19', '2025-12-09 08:56:19', 0.00, 0.00),
(136, 2, 2, '2025-11-24', 206.67, 0.00, 206.67, 'pending', NULL, NULL, NULL, '2025-12-09 08:56:19', '2025-12-09 08:56:19', 0.00, 0.00),
(137, 2, 2, '2025-11-25', 206.67, 0.00, 206.67, 'pending', NULL, NULL, NULL, '2025-12-09 08:56:19', '2025-12-09 08:56:19', 0.00, 0.00),
(138, 2, 2, '2025-11-26', 206.67, 0.00, 206.67, 'pending', NULL, NULL, NULL, '2025-12-09 08:56:19', '2025-12-09 08:56:19', 0.00, 0.00),
(139, 2, 2, '2025-11-27', 206.67, 0.00, 206.67, 'pending', NULL, NULL, NULL, '2025-12-09 08:56:19', '2025-12-09 08:56:19', 0.00, 0.00),
(140, 2, 2, '2025-11-28', 206.67, 0.00, 206.67, 'pending', NULL, NULL, NULL, '2025-12-09 08:56:19', '2025-12-09 08:56:19', 0.00, 0.00),
(141, 2, 2, '2025-11-29', 206.67, 0.00, 206.67, 'pending', NULL, NULL, NULL, '2025-12-09 08:56:19', '2025-12-09 08:56:19', 0.00, 0.00),
(142, 2, 2, '2025-11-30', 206.67, 0.00, 206.67, 'pending', NULL, NULL, NULL, '2025-12-09 08:56:19', '2025-12-09 08:56:19', 0.00, 0.00),
(143, 2, 2, '2025-12-01', 206.67, 0.00, 206.67, 'pending', NULL, NULL, NULL, '2025-12-09 08:56:19', '2025-12-09 08:56:19', 0.00, 0.00),
(144, 2, 2, '2025-12-02', 206.67, 0.00, 206.67, 'pending', NULL, NULL, NULL, '2025-12-09 08:56:19', '2025-12-09 08:56:19', 0.00, 0.00),
(145, 2, 2, '2025-12-03', 206.67, 0.00, 206.67, 'pending', NULL, NULL, NULL, '2025-12-09 08:56:19', '2025-12-09 08:56:19', 0.00, 0.00),
(146, 2, 2, '2025-12-04', 206.67, 0.00, 206.67, 'pending', NULL, NULL, NULL, '2025-12-09 08:56:19', '2025-12-09 08:56:19', 0.00, 0.00),
(147, 2, 2, '2025-12-05', 206.67, 0.00, 206.67, 'pending', NULL, NULL, NULL, '2025-12-09 08:56:19', '2025-12-09 08:56:19', 0.00, 0.00),
(148, 2, 2, '2025-12-06', 206.67, 0.00, 206.67, 'pending', NULL, NULL, NULL, '2025-12-09 08:56:19', '2025-12-09 08:56:19', 0.00, 0.00),
(149, 2, 2, '2025-12-07', 206.67, 0.00, 206.67, 'pending', NULL, NULL, NULL, '2025-12-09 08:56:19', '2025-12-09 08:56:19', 0.00, 0.00),
(150, 2, 2, '2025-12-08', 206.67, 0.00, 206.67, 'pending', NULL, NULL, NULL, '2025-12-09 08:56:19', '2025-12-09 08:56:19', 0.00, 0.00),
(151, 2, 2, '2025-12-09', 206.67, 206.00, 0.67, 'partial', NULL, NULL, NULL, '2025-12-09 08:56:19', '2025-12-09 08:59:02', 0.00, 0.00),
(152, 2, 2, '2025-12-10', 206.67, 0.00, 206.67, 'pending', NULL, NULL, NULL, '2025-12-09 08:56:19', '2025-12-09 08:56:19', 0.00, 0.00),
(153, 2, 2, '2025-12-11', 206.67, 0.00, 206.67, 'pending', NULL, NULL, NULL, '2025-12-09 08:56:19', '2025-12-09 08:56:19', 0.00, 0.00),
(154, 2, 2, '2025-12-12', 206.67, 0.00, 206.67, 'pending', NULL, NULL, NULL, '2025-12-09 08:56:19', '2025-12-09 08:56:19', 0.00, 0.00),
(155, 2, 2, '2025-12-13', 206.67, 0.00, 206.67, 'pending', NULL, NULL, NULL, '2025-12-09 08:56:19', '2025-12-09 08:56:19', 0.00, 0.00),
(156, 2, 2, '2025-12-14', 206.67, 0.00, 206.67, 'pending', NULL, NULL, NULL, '2025-12-09 08:56:19', '2025-12-09 08:56:19', 0.00, 0.00),
(157, 2, 2, '2025-12-15', 206.67, 0.00, 206.67, 'pending', NULL, NULL, NULL, '2025-12-09 08:56:19', '2025-12-09 08:56:19', 0.00, 0.00),
(158, 2, 2, '2025-12-16', 206.67, 0.00, 206.67, 'pending', NULL, NULL, NULL, '2025-12-09 08:56:19', '2025-12-09 08:56:19', 0.00, 0.00),
(159, 2, 2, '2025-12-17', 206.67, 0.00, 206.67, 'pending', NULL, NULL, NULL, '2025-12-09 08:56:19', '2025-12-09 08:56:19', 0.00, 0.00),
(160, 2, 2, '2025-12-18', 206.67, 0.00, 206.67, 'pending', NULL, NULL, NULL, '2025-12-09 08:56:19', '2025-12-09 08:56:19', 0.00, 0.00),
(161, 2, 2, '2025-12-19', 206.67, 0.00, 206.67, 'pending', NULL, NULL, NULL, '2025-12-09 08:56:19', '2025-12-09 08:56:19', 0.00, 0.00),
(162, 2, 2, '2025-12-20', 206.67, 0.00, 206.67, 'pending', NULL, NULL, NULL, '2025-12-09 08:56:19', '2025-12-09 08:56:19', 0.00, 0.00),
(163, 2, 2, '2025-12-21', 206.67, 0.00, 206.67, 'pending', NULL, NULL, NULL, '2025-12-09 08:56:19', '2025-12-09 08:56:19', 0.00, 0.00),
(164, 2, 2, '2025-12-22', 206.67, 0.00, 206.67, 'pending', NULL, NULL, NULL, '2025-12-09 08:56:19', '2025-12-09 08:56:19', 0.00, 0.00),
(165, 2, 2, '2025-12-23', 206.67, 0.00, 206.67, 'pending', NULL, NULL, NULL, '2025-12-09 08:56:19', '2025-12-09 08:56:19', 0.00, 0.00),
(166, 2, 2, '2025-12-24', 206.67, 0.00, 206.67, 'pending', NULL, NULL, NULL, '2025-12-09 08:56:19', '2025-12-09 08:56:19', 0.00, 0.00),
(167, 2, 2, '2025-12-25', 206.67, 0.00, 206.67, 'pending', NULL, NULL, NULL, '2025-12-09 08:56:19', '2025-12-09 08:56:19', 0.00, 0.00),
(168, 2, 2, '2025-12-26', 206.67, 0.00, 206.67, 'pending', NULL, NULL, NULL, '2025-12-09 08:56:19', '2025-12-09 08:56:19', 0.00, 0.00),
(169, 2, 2, '2025-12-27', 206.67, 0.00, 206.67, 'pending', NULL, NULL, NULL, '2025-12-09 08:56:19', '2025-12-09 08:56:19', 0.00, 0.00),
(170, 2, 2, '2025-12-28', 206.67, 0.00, 206.67, 'pending', NULL, NULL, NULL, '2025-12-09 08:56:19', '2025-12-09 08:56:19', 0.00, 0.00),
(171, 2, 2, '2025-12-29', 206.67, 0.00, 206.67, 'pending', NULL, NULL, NULL, '2025-12-09 08:56:19', '2025-12-09 08:56:19', 0.00, 0.00),
(172, 2, 2, '2025-12-30', 206.67, 0.00, 206.67, 'pending', NULL, NULL, NULL, '2025-12-09 08:56:19', '2025-12-09 08:56:19', 0.00, 0.00),
(173, 2, 2, '2025-12-31', 206.67, 0.00, 206.67, 'pending', NULL, NULL, NULL, '2025-12-09 08:56:19', '2025-12-09 08:56:19', 0.00, 0.00),
(174, 2, 2, '2026-01-01', 206.67, 0.00, 206.67, 'pending', NULL, NULL, NULL, '2025-12-09 08:56:19', '2025-12-09 08:56:19', 0.00, 0.00),
(175, 2, 2, '2026-01-02', 206.67, 0.00, 206.67, 'pending', NULL, NULL, NULL, '2025-12-09 08:56:19', '2025-12-09 08:56:19', 0.00, 0.00),
(176, 2, 2, '2026-01-03', 206.67, 0.00, 206.67, 'pending', NULL, NULL, NULL, '2025-12-09 08:56:19', '2025-12-09 08:56:19', 0.00, 0.00),
(177, 2, 2, '2026-01-04', 206.67, 0.00, 206.67, 'pending', NULL, NULL, NULL, '2025-12-09 08:56:19', '2025-12-09 08:56:19', 0.00, 0.00),
(178, 2, 2, '2026-01-05', 206.67, 0.00, 206.67, 'pending', NULL, NULL, NULL, '2025-12-09 08:56:19', '2025-12-09 08:56:19', 0.00, 0.00),
(179, 2, 2, '2026-01-06', 206.67, 0.00, 206.67, 'pending', NULL, NULL, NULL, '2025-12-09 08:56:19', '2025-12-09 08:56:19', 0.00, 0.00),
(180, 2, 2, '2026-01-07', 206.67, 0.00, 206.67, 'pending', NULL, NULL, NULL, '2025-12-09 08:56:19', '2025-12-09 08:56:19', 0.00, 0.00),
(181, 2, 2, '2026-01-08', 206.67, 0.00, 206.67, 'pending', NULL, NULL, NULL, '2025-12-09 08:56:19', '2025-12-09 08:56:19', 0.00, 0.00),
(182, 2, 2, '2026-01-09', 206.67, 0.00, 206.67, 'pending', NULL, NULL, NULL, '2025-12-09 08:56:19', '2025-12-09 08:56:19', 0.00, 0.00),
(183, 2, 2, '2026-01-10', 206.67, 0.00, 206.67, 'pending', NULL, NULL, NULL, '2025-12-09 08:56:19', '2025-12-09 08:56:19', 0.00, 0.00),
(184, 2, 2, '2026-01-11', 206.67, 0.00, 206.67, 'pending', NULL, NULL, NULL, '2025-12-09 08:56:19', '2025-12-09 08:56:19', 0.00, 0.00),
(185, 2, 2, '2026-01-12', 206.67, 0.00, 206.67, 'pending', NULL, NULL, NULL, '2025-12-09 08:56:19', '2025-12-09 08:56:19', 0.00, 0.00),
(186, 2, 2, '2026-01-13', 206.67, 0.00, 206.67, 'pending', NULL, NULL, NULL, '2025-12-09 08:56:19', '2025-12-09 08:56:19', 0.00, 0.00),
(187, 2, 2, '2026-01-14', 206.67, 0.00, 206.67, 'pending', NULL, NULL, NULL, '2025-12-09 08:56:19', '2025-12-09 08:56:19', 0.00, 0.00),
(188, 2, 2, '2026-01-15', 206.67, 0.00, 206.67, 'pending', NULL, NULL, NULL, '2025-12-09 08:56:19', '2025-12-09 08:56:19', 0.00, 0.00),
(189, 2, 2, '2026-01-16', 206.67, 0.00, 206.67, 'pending', NULL, NULL, NULL, '2025-12-09 08:56:19', '2025-12-09 08:56:19', 0.00, 0.00),
(190, 2, 2, '2026-01-17', 206.67, 0.00, 206.67, 'pending', NULL, NULL, NULL, '2025-12-09 08:56:19', '2025-12-09 08:56:19', 0.00, 0.00),
(191, 2, 2, '2026-01-18', 206.67, 0.00, 206.67, 'pending', NULL, NULL, NULL, '2025-12-09 08:56:19', '2025-12-09 08:56:19', 0.00, 0.00),
(192, 2, 2, '2026-01-19', 206.67, 0.00, 206.67, 'pending', NULL, NULL, NULL, '2025-12-09 08:56:19', '2025-12-09 08:56:19', 0.00, 0.00),
(193, 2, 2, '2026-01-20', 206.67, 0.00, 206.67, 'pending', NULL, NULL, NULL, '2025-12-09 08:56:19', '2025-12-09 08:56:19', 0.00, 0.00),
(194, 2, 2, '2026-01-21', 206.67, 0.00, 206.67, 'pending', NULL, NULL, NULL, '2025-12-09 08:56:19', '2025-12-09 08:56:19', 0.00, 0.00),
(195, 2, 2, '2026-01-22', 206.67, 0.00, 206.67, 'pending', NULL, NULL, NULL, '2025-12-09 08:56:19', '2025-12-09 08:56:19', 0.00, 0.00),
(196, 2, 2, '2026-01-23', 206.67, 0.00, 206.67, 'pending', NULL, NULL, NULL, '2025-12-09 08:56:19', '2025-12-09 08:56:19', 0.00, 0.00),
(197, 2, 2, '2026-01-24', 206.67, 0.00, 206.67, 'pending', NULL, NULL, NULL, '2025-12-09 08:56:19', '2025-12-09 08:56:19', 0.00, 0.00),
(198, 2, 2, '2026-01-25', 206.67, 0.00, 206.67, 'pending', NULL, NULL, NULL, '2025-12-09 08:56:19', '2025-12-09 08:56:19', 0.00, 0.00),
(199, 2, 2, '2026-01-26', 206.67, 0.00, 206.67, 'pending', NULL, NULL, NULL, '2025-12-09 08:56:19', '2025-12-09 08:56:19', 0.00, 0.00),
(200, 2, 2, '2026-01-27', 206.67, 0.00, 206.67, 'pending', NULL, NULL, NULL, '2025-12-09 08:56:19', '2025-12-09 08:56:19', 0.00, 0.00),
(201, 2, 2, '2026-01-28', 206.67, 0.00, 206.67, 'pending', NULL, NULL, NULL, '2025-12-09 08:56:19', '2025-12-09 08:56:19', 0.00, 0.00),
(202, 2, 2, '2026-01-29', 206.67, 0.00, 206.67, 'pending', NULL, NULL, NULL, '2025-12-09 08:56:19', '2025-12-09 08:56:19', 0.00, 0.00),
(203, 2, 2, '2026-01-30', 206.67, 0.00, 206.67, 'pending', NULL, NULL, NULL, '2025-12-09 08:56:19', '2025-12-09 08:56:19', 0.00, 0.00),
(204, 2, 2, '2026-01-31', 206.67, 0.00, 206.67, 'pending', NULL, NULL, NULL, '2025-12-09 08:56:19', '2025-12-09 08:56:19', 0.00, 0.00),
(205, 2, 2, '2026-02-01', 206.67, 0.00, 206.67, 'pending', NULL, NULL, NULL, '2025-12-09 08:56:19', '2025-12-09 08:56:19', 0.00, 0.00),
(206, 2, 2, '2026-02-02', 206.67, 0.00, 206.67, 'pending', NULL, NULL, NULL, '2025-12-09 08:56:19', '2025-12-09 08:56:19', 0.00, 0.00),
(207, 2, 2, '2026-02-03', 206.67, 0.00, 206.67, 'pending', NULL, NULL, NULL, '2025-12-09 08:56:19', '2025-12-09 08:56:19', 0.00, 0.00),
(208, 2, 2, '2026-02-04', 206.67, 0.00, 206.67, 'pending', NULL, NULL, NULL, '2025-12-09 08:56:19', '2025-12-09 08:56:19', 0.00, 0.00),
(209, 2, 2, '2026-02-05', 206.67, 0.00, 206.67, 'pending', NULL, NULL, NULL, '2025-12-09 08:56:19', '2025-12-09 08:56:19', 0.00, 0.00),
(210, 2, 2, '2026-02-06', 206.67, 0.00, 206.67, 'pending', NULL, NULL, NULL, '2025-12-09 08:56:19', '2025-12-09 08:56:19', 0.00, 0.00),
(211, 2, 2, '2026-02-07', 206.67, 0.00, 206.67, 'pending', NULL, NULL, NULL, '2025-12-09 08:56:19', '2025-12-09 08:56:19', 0.00, 0.00),
(212, 2, 2, '2026-02-08', 206.67, 0.00, 206.67, 'pending', NULL, NULL, NULL, '2025-12-09 08:56:19', '2025-12-09 08:56:19', 0.00, 0.00),
(213, 2, 2, '2026-02-09', 206.67, 0.00, 206.67, 'pending', NULL, NULL, NULL, '2025-12-09 08:56:19', '2025-12-09 08:56:19', 0.00, 0.00),
(214, 2, 2, '2026-02-10', 206.67, 0.00, 206.67, 'pending', NULL, NULL, NULL, '2025-12-09 08:56:19', '2025-12-09 08:56:19', 0.00, 0.00),
(215, 2, 2, '2026-02-11', 206.67, 0.00, 206.67, 'pending', NULL, NULL, NULL, '2025-12-09 08:56:19', '2025-12-09 08:56:19', 0.00, 0.00),
(216, 2, 2, '2026-02-12', 206.67, 0.00, 206.67, 'pending', NULL, NULL, NULL, '2025-12-09 08:56:19', '2025-12-09 08:56:19', 0.00, 0.00),
(217, 2, 2, '2026-02-13', 206.67, 0.00, 206.67, 'pending', NULL, NULL, NULL, '2025-12-09 08:56:19', '2025-12-09 08:56:19', 0.00, 0.00),
(218, 2, 2, '2026-02-14', 206.67, 0.00, 206.67, 'pending', NULL, NULL, NULL, '2025-12-09 08:56:19', '2025-12-09 08:56:19', 0.00, 0.00),
(219, 2, 2, '2026-02-15', 206.67, 0.00, 206.67, 'pending', NULL, NULL, NULL, '2025-12-09 08:56:19', '2025-12-09 08:56:19', 0.00, 0.00),
(220, 2, 2, '2026-02-16', 206.67, 0.00, 206.67, 'pending', NULL, NULL, NULL, '2025-12-09 08:56:19', '2025-12-09 08:56:19', 0.00, 0.00),
(221, 2, 2, '2026-02-17', 206.67, 0.00, 206.67, 'pending', NULL, NULL, NULL, '2025-12-09 08:56:19', '2025-12-09 08:56:19', 0.00, 0.00),
(222, 2, 2, '2026-02-18', 206.67, 0.00, 206.67, 'pending', NULL, NULL, NULL, '2025-12-09 08:56:19', '2025-12-09 08:56:19', 0.00, 0.00),
(223, 2, 2, '2026-02-19', 206.67, 0.00, 206.67, 'pending', NULL, NULL, NULL, '2025-12-09 08:56:19', '2025-12-09 08:56:19', 0.00, 0.00),
(224, 2, 2, '2026-02-20', 206.67, 0.00, 206.67, 'pending', NULL, NULL, NULL, '2025-12-09 08:56:19', '2025-12-09 08:56:19', 0.00, 0.00),
(225, 2, 2, '2026-02-21', 206.67, 0.00, 206.67, 'pending', NULL, NULL, NULL, '2025-12-09 08:56:19', '2025-12-09 08:56:19', 0.00, 0.00),
(226, 2, 2, '2026-02-22', 206.67, 0.00, 206.67, 'pending', NULL, NULL, NULL, '2025-12-09 08:56:19', '2025-12-09 08:56:19', 0.00, 0.00),
(227, 2, 2, '2026-02-23', 206.67, 0.00, 206.67, 'pending', NULL, NULL, NULL, '2025-12-09 08:56:19', '2025-12-09 08:56:19', 0.00, 0.00),
(228, 2, 2, '2026-02-24', 206.67, 0.00, 206.67, 'pending', NULL, NULL, NULL, '2025-12-09 08:56:19', '2025-12-09 08:56:19', 0.00, 0.00),
(229, 2, 2, '2026-02-25', 206.67, 0.00, 206.67, 'pending', NULL, NULL, NULL, '2025-12-09 08:56:19', '2025-12-09 08:56:19', 0.00, 0.00),
(230, 2, 2, '2026-02-26', 206.67, 0.00, 206.67, 'pending', NULL, NULL, NULL, '2025-12-09 08:56:19', '2025-12-09 08:56:19', 0.00, 0.00),
(231, 2, 2, '2026-02-27', 206.67, 0.00, 206.67, 'pending', NULL, NULL, NULL, '2025-12-09 08:56:19', '2025-12-09 08:56:19', 0.00, 0.00),
(232, 2, 2, '2026-02-28', 206.67, 0.00, 206.67, 'pending', NULL, NULL, NULL, '2025-12-09 08:56:19', '2025-12-09 08:56:19', 0.00, 0.00),
(233, 2, 2, '2026-03-01', 206.67, 0.00, 206.67, 'pending', NULL, NULL, NULL, '2025-12-09 08:56:19', '2025-12-09 08:56:19', 0.00, 0.00),
(234, 2, 2, '2026-03-02', 206.67, 0.00, 206.67, 'pending', NULL, NULL, NULL, '2025-12-09 08:56:19', '2025-12-09 08:56:19', 0.00, 0.00),
(235, 2, 2, '2026-03-03', 206.67, 0.00, 206.67, 'pending', NULL, NULL, NULL, '2025-12-09 08:56:19', '2025-12-09 08:56:19', 0.00, 0.00),
(236, 2, 2, '2026-03-04', 206.67, 0.00, 206.67, 'pending', NULL, NULL, NULL, '2025-12-09 08:56:19', '2025-12-09 08:56:19', 0.00, 0.00),
(237, 2, 2, '2026-03-05', 206.67, 0.00, 206.67, 'pending', NULL, NULL, NULL, '2025-12-09 08:56:19', '2025-12-09 08:56:19', 0.00, 0.00),
(238, 2, 2, '2026-03-06', 206.67, 0.00, 206.67, 'pending', NULL, NULL, NULL, '2025-12-09 08:56:19', '2025-12-09 08:56:19', 0.00, 0.00),
(239, 2, 2, '2026-03-07', 206.67, 0.00, 206.67, 'pending', NULL, NULL, NULL, '2025-12-09 08:56:19', '2025-12-09 08:56:19', 0.00, 0.00),
(240, 2, 2, '2026-03-08', 206.67, 0.00, 206.67, 'pending', NULL, NULL, NULL, '2025-12-09 08:56:19', '2025-12-09 08:56:19', 0.00, 0.00),
(241, 3, 3, '2026-05-10', 5001.67, 0.00, 5001.67, 'pending', NULL, NULL, NULL, '2025-12-09 09:04:40', '2025-12-09 09:04:40', 0.00, 0.00),
(242, 3, 3, '2026-11-10', 5001.67, 0.00, 5001.67, 'pending', NULL, NULL, NULL, '2025-12-09 09:04:40', '2025-12-09 09:04:40', 0.00, 0.00),
(243, 3, 3, '2027-05-10', 5001.67, 0.00, 5001.67, 'pending', NULL, NULL, NULL, '2025-12-09 09:04:40', '2025-12-09 09:04:40', 0.00, 0.00),
(244, 3, 3, '2027-11-10', 5001.67, 0.00, 5001.67, 'pending', NULL, NULL, NULL, '2025-12-09 09:04:40', '2025-12-09 09:04:40', 0.00, 0.00),
(245, 3, 3, '2028-05-10', 5001.67, 0.00, 5001.67, 'pending', NULL, NULL, NULL, '2025-12-09 09:04:40', '2025-12-09 09:04:40', 0.00, 0.00),
(246, 3, 3, '2028-11-10', 5001.67, 0.00, 5001.67, 'pending', NULL, NULL, NULL, '2025-12-09 09:04:40', '2025-12-09 09:04:40', 0.00, 0.00);

-- --------------------------------------------------------

--
-- Table structure for table `loans`
--

CREATE TABLE `loans` (
  `id` bigint(20) UNSIGNED NOT NULL,
  `date` date NOT NULL,
  `user_id` bigint(20) UNSIGNED NOT NULL,
  `area_id` bigint(20) UNSIGNED NOT NULL,
  `member_id` bigint(20) UNSIGNED NOT NULL,
  `loan_amount` decimal(40,2) DEFAULT NULL,
  `interest_type` enum('percent','flat') NOT NULL,
  `interest` decimal(40,2) DEFAULT NULL,
  `total_amount` decimal(40,2) DEFAULT NULL,
  `installment_type` enum('daily','weekly','fortnightly','monthly','6month') NOT NULL,
  `loan_count` int(11) NOT NULL,
  `single_loan_amount` decimal(40,2) NOT NULL,
  `note` text DEFAULT NULL,
  `created_at` timestamp NULL DEFAULT NULL,
  `updated_at` timestamp NULL DEFAULT NULL,
  `total_late_fee` decimal(20,2) NOT NULL DEFAULT 0.00,
  `paid_late_fee` decimal(20,2) NOT NULL DEFAULT 0.00,
  `paid_total` decimal(12,2) NOT NULL DEFAULT 0.00,
  `remaining_total` decimal(12,2) NOT NULL DEFAULT 0.00
) ENGINE=InnoDB DEFAULT CHARSET=utf8mb4 COLLATE=utf8mb4_unicode_ci;

--
-- Dumping data for table `loans`
--

INSERT INTO `loans` (`id`, `date`, `user_id`, `area_id`, `member_id`, `loan_amount`, `interest_type`, `interest`, `total_amount`, `installment_type`, `loan_count`, `single_loan_amount`, `note`, `created_at`, `updated_at`, `total_late_fee`, `paid_late_fee`, `paid_total`, `remaining_total`) VALUES
(1, '2025-12-01', 27, 1, 1, 20000.00, 'percent', 30.00, 26000.00, 'daily', 120, 216.67, 'PROTY DIN DIBE 250 KORE MUL KISTY 220/= R SONCOY 30/=', '2025-12-09 08:46:19', '2025-12-09 08:47:39', 0.00, 0.00, 216.67, 25783.33),
(2, '2025-11-08', 27, 1, 2, 20000.00, 'percent', 24.00, 24800.00, 'daily', 120, 206.67, 'PROTYDIN DIBE 250/= MUL TAKA / PINSIPAL BLANCE KATBE 200/= R SONCOY / SEVING 50', '2025-12-09 08:56:19', '2025-12-09 08:59:02', 0.00, 0.00, 206.00, 24594.00),
(3, '2025-11-10', 27, 1, 3, 30000.00, 'flat', 10.00, 30010.00, '6month', 6, 5001.67, '6 MATH ER SOMOY FULL PEMENT KORBE R PROTYMASE 10% PROFIT DITE THAKBE .', '2025-12-09 09:04:40', '2025-12-09 09:04:40', 0.00, 0.00, 0.00, 0.00);

-- --------------------------------------------------------

--
-- Table structure for table `members`
--

CREATE TABLE `members` (
  `id` bigint(20) UNSIGNED NOT NULL,
  `date` date DEFAULT NULL,
  `user_id` bigint(20) UNSIGNED NOT NULL,
  `area_id` bigint(20) UNSIGNED NOT NULL,
  `joined_date` date DEFAULT NULL,
  `name` varchar(255) NOT NULL,
  `phone` varchar(255) DEFAULT NULL,
  `address` varchar(255) DEFAULT NULL,
  `nid` varchar(255) NOT NULL,
  `nid_front` varchar(255) DEFAULT NULL,
  `nid_back` varchar(255) DEFAULT NULL,
  `father_name` varchar(255) DEFAULT NULL,
  `guarantor` varchar(255) DEFAULT NULL,
  `nominee` varchar(255) DEFAULT NULL,
  `nominee_phone` varchar(255) DEFAULT NULL,
  `nominee_relation` varchar(255) DEFAULT NULL,
  `member_photo` varchar(255) DEFAULT NULL,
  `nominee_photo` varchar(255) DEFAULT NULL,
  `signature` varchar(255) DEFAULT NULL,
  `pdf_file` varchar(255) DEFAULT NULL,
  `note` text DEFAULT NULL,
  `membership_fee` decimal(20,2) DEFAULT NULL,
  `password` varchar(255) DEFAULT NULL,
  `status` tinyint(4) NOT NULL DEFAULT 1 COMMENT '1=Active, 2=Inactive',
  `created_at` timestamp NULL DEFAULT NULL,
  `updated_at` timestamp NULL DEFAULT NULL
) ENGINE=InnoDB DEFAULT CHARSET=utf8mb4 COLLATE=utf8mb4_unicode_ci;

--
-- Dumping data for table `members`
--

INSERT INTO `members` (`id`, `date`, `user_id`, `area_id`, `joined_date`, `name`, `phone`, `address`, `nid`, `nid_front`, `nid_back`, `father_name`, `guarantor`, `nominee`, `nominee_phone`, `nominee_relation`, `member_photo`, `nominee_photo`, `signature`, `pdf_file`, `note`, `membership_fee`, `password`, `status`, `created_at`, `updated_at`) VALUES
(1, '2025-12-01', 27, 1, NULL, 'MOMIN KHAN R - JELY BHABY', '01322493128', 'SREEPUR ASHOLIA SAVAR DHAKA', '1322493128', NULL, NULL, 'SAME', 'JELY BHABY', 'JELY BHABY', '991', 'BHABY', NULL, NULL, NULL, NULL, NULL, 250.00, '$2y$10$nm6UQKHD.ebGbFCGonYB9uNdBxiUZCzcmijeVF0UhXAn4vfSjhlty', 1, '2025-12-09 08:44:29', '2025-12-09 08:44:29'),
(2, '2025-11-08', 27, 1, NULL, 'JESMIN ISLAM', '01310847833', 'JELY BHABY', '1310847833', NULL, NULL, 'JELY BHABY', 'JELY BHABY', 'JELY BHABY', 'JELY BHABY', 'JELY BHABY', NULL, NULL, NULL, NULL, NULL, 250.00, '$2y$10$e2CDYVV0G5j2rERf8oVlGuumvXUhJK5pvNdhQKi.GCXmotXlV7dmq', 1, '2025-12-09 08:53:09', '2025-12-09 08:53:09'),
(3, '2025-11-10', 27, 1, NULL, 'HADI UDJJAMAN', '0191112323', 'BANGALALINK OFFICE', '191112323', NULL, NULL, 'N/A', 'N/A', 'N/A', 'N/A', 'N/A', NULL, NULL, NULL, NULL, NULL, 250.00, '$2y$10$1yMGIXktt94XgzXnDwRZ6.ls0E8VXPNaKRM/Kpt5JNQiuq3iP8GVy', 1, '2025-12-09 09:01:53', '2025-12-09 09:01:53');

-- --------------------------------------------------------

--
-- Table structure for table `migrations`
--

CREATE TABLE `migrations` (
  `id` int(10) UNSIGNED NOT NULL,
  `migration` varchar(255) NOT NULL,
  `batch` int(11) NOT NULL
) ENGINE=InnoDB DEFAULT CHARSET=utf8mb4 COLLATE=utf8mb4_unicode_ci;

--
-- Dumping data for table `migrations`
--

INSERT INTO `migrations` (`id`, `migration`, `batch`) VALUES
(1, '2014_10_12_000000_create_users_table', 1),
(2, '2014_10_12_100000_create_password_resets_table', 1),
(3, '2014_10_12_200000_add_two_factor_columns_to_users_table', 1),
(4, '2019_08_19_000000_create_failed_jobs_table', 1),
(5, '2019_12_14_000001_create_personal_access_tokens_table', 1),
(6, '2020_05_21_100000_create_teams_table', 1),
(7, '2020_05_21_200000_create_team_user_table', 1),
(8, '2020_05_21_300000_create_team_invitations_table', 1),
(9, '2023_09_20_095749_create_sessions_table', 1),
(10, '2025_11_09_064306_create_areas_table', 2),
(11, '2025_11_12_052106_create_positions_table', 3),
(12, '2025_11_12_061745_create_staff_table', 4),
(13, '2025_11_12_080154_create_members_table', 5),
(14, '2025_11_12_111812_create_loans_table', 5),
(15, '2025_11_12_112222_create_branches_table', 5),
(16, '2026_11_12_080154_create_members_table', 6),
(17, '2025_11_22_085641_create_transactions_table', 7),
(18, '2026_11_12_111812_create_loans_table', 8),
(19, '2025_11_23_092111_create_installments_table', 9),
(20, '2025_11_23_133008_create_savings_accounts_table', 10),
(21, '2025_11_23_133624_create_savings_transactions_table', 10),
(22, '2025_11_23_133953_create_savings_collections_table', 10),
(23, '2025_11_24_084650_create_fixed_deposits_table', 11),
(24, '2025_11_24_084847_create_fixed_deposit_transactions_table', 11),
(25, '2025_11_24_085403_create_fd_rates_table', 11),
(26, '2025_11_24_131827_create_dps_plans_table', 12),
(27, '2025_11_24_131840_create_dps_accounts_table', 12),
(28, '2025_11_24_131931_create_dps_installments_table', 12),
(29, '2025_11_30_055013_create_categories_table', 13),
(30, '2025_12_01_061629_create_income_expenses_table', 14),
(31, '2025_12_01_110704_create_bank_accounts_table', 15),
(32, '2025_12_01_110808_create_bank_transactions_table', 15),
(33, '2025_12_02_102630_add_late_fee_to_installments', 16),
(34, '2025_12_02_103525_add_late_fee_to_loans', 16),
(35, '2025_12_02_113257_add_payment_fields_to_loans', 17);

-- --------------------------------------------------------

--
-- Table structure for table `model_has_permissions`
--

CREATE TABLE `model_has_permissions` (
  `permission_id` bigint(20) UNSIGNED NOT NULL,
  `model_type` varchar(255) NOT NULL,
  `model_id` bigint(20) UNSIGNED NOT NULL
) ENGINE=InnoDB DEFAULT CHARSET=utf8mb4 COLLATE=utf8mb4_unicode_ci;

--
-- Dumping data for table `model_has_permissions`
--

INSERT INTO `model_has_permissions` (`permission_id`, `model_type`, `model_id`) VALUES
(1, 'App\\Models\\User', 992),
(2, 'App\\Models\\User', 1),
(3, 'App\\Models\\User', 1),
(3, 'App\\Models\\User', 992),
(4, 'App\\Models\\User', 1),
(4, 'App\\Models\\User', 992),
(5, 'App\\Models\\User', 992),
(7, 'App\\Models\\User', 992),
(8, 'App\\Models\\User', 1),
(8, 'App\\Models\\User', 992),
(9, 'App\\Models\\User', 1),
(9, 'App\\Models\\User', 992),
(10, 'App\\Models\\User', 1),
(11, 'App\\Models\\User', 1),
(11, 'App\\Models\\User', 992),
(12, 'App\\Models\\User', 1),
(12, 'App\\Models\\User', 992),
(13, 'App\\Models\\User', 1),
(13, 'App\\Models\\User', 992),
(14, 'App\\Models\\User', 1),
(14, 'App\\Models\\User', 3),
(15, 'App\\Models\\User', 1),
(15, 'App\\Models\\User', 3),
(15, 'App\\Models\\User', 992),
(16, 'App\\Models\\User', 1),
(16, 'App\\Models\\User', 3),
(16, 'App\\Models\\User', 992),
(17, 'App\\Models\\User', 992),
(19, 'App\\Models\\User', 992),
(20, 'App\\Models\\User', 992),
(21, 'App\\Models\\User', 992),
(23, 'App\\Models\\User', 992),
(24, 'App\\Models\\User', 992),
(25, 'App\\Models\\User', 992),
(27, 'App\\Models\\User', 992),
(28, 'App\\Models\\User', 992),
(29, 'App\\Models\\User', 992),
(31, 'App\\Models\\User', 992),
(32, 'App\\Models\\User', 992),
(33, 'App\\Models\\User', 992),
(35, 'App\\Models\\User', 992),
(36, 'App\\Models\\User', 992),
(37, 'App\\Models\\User', 992),
(39, 'App\\Models\\User', 992),
(40, 'App\\Models\\User', 992),
(41, 'App\\Models\\User', 992),
(43, 'App\\Models\\User', 992),
(44, 'App\\Models\\User', 992),
(45, 'App\\Models\\User', 992),
(47, 'App\\Models\\User', 992),
(48, 'App\\Models\\User', 992),
(49, 'App\\Models\\User', 992),
(51, 'App\\Models\\User', 992),
(52, 'App\\Models\\User', 992),
(53, 'App\\Models\\User', 992),
(55, 'App\\Models\\User', 992),
(56, 'App\\Models\\User', 992),
(57, 'App\\Models\\User', 992),
(59, 'App\\Models\\User', 992),
(60, 'App\\Models\\User', 992),
(61, 'App\\Models\\User', 992),
(63, 'App\\Models\\User', 992),
(64, 'App\\Models\\User', 992),
(65, 'App\\Models\\User', 992),
(67, 'App\\Models\\User', 992),
(68, 'App\\Models\\User', 992),
(69, 'App\\Models\\User', 992),
(71, 'App\\Models\\User', 992),
(72, 'App\\Models\\User', 992),
(73, 'App\\Models\\User', 992),
(75, 'App\\Models\\User', 992),
(76, 'App\\Models\\User', 992),
(77, 'App\\Models\\User', 992),
(79, 'App\\Models\\User', 992),
(80, 'App\\Models\\User', 992),
(81, 'App\\Models\\User', 992),
(83, 'App\\Models\\User', 992),
(84, 'App\\Models\\User', 992),
(85, 'App\\Models\\User', 992),
(87, 'App\\Models\\User', 992),
(88, 'App\\Models\\User', 992),
(89, 'App\\Models\\User', 992),
(91, 'App\\Models\\User', 992),
(92, 'App\\Models\\User', 992),
(93, 'App\\Models\\User', 992),
(94, 'App\\Models\\User', 992),
(95, 'App\\Models\\User', 992),
(96, 'App\\Models\\User', 992),
(97, 'App\\Models\\User', 992),
(98, 'App\\Models\\User', 992),
(99, 'App\\Models\\User', 992),
(100, 'App\\Models\\User', 992),
(101, 'App\\Models\\User', 992),
(102, 'App\\Models\\User', 992),
(103, 'App\\Models\\User', 992),
(104, 'App\\Models\\User', 992),
(105, 'App\\Models\\User', 992),
(106, 'App\\Models\\User', 992),
(107, 'App\\Models\\User', 992),
(108, 'App\\Models\\User', 992),
(109, 'App\\Models\\User', 992),
(110, 'App\\Models\\User', 992),
(111, 'App\\Models\\User', 992),
(112, 'App\\Models\\User', 992),
(113, 'App\\Models\\User', 992),
(114, 'App\\Models\\User', 992),
(115, 'App\\Models\\User', 992),
(116, 'App\\Models\\User', 992),
(117, 'App\\Models\\User', 992),
(118, 'App\\Models\\User', 992),
(119, 'App\\Models\\User', 992),
(123, 'App\\Models\\User', 992),
(124, 'App\\Models\\User', 992),
(125, 'App\\Models\\User', 992),
(126, 'App\\Models\\User', 992),
(127, 'App\\Models\\User', 992),
(128, 'App\\Models\\User', 992),
(129, 'App\\Models\\User', 992),
(130, 'App\\Models\\User', 992),
(131, 'App\\Models\\User', 992),
(132, 'App\\Models\\User', 992),
(133, 'App\\Models\\User', 992),
(134, 'App\\Models\\User', 992),
(135, 'App\\Models\\User', 992),
(136, 'App\\Models\\User', 992),
(137, 'App\\Models\\User', 992),
(138, 'App\\Models\\User', 992),
(139, 'App\\Models\\User', 992),
(140, 'App\\Models\\User', 992),
(141, 'App\\Models\\User', 992),
(142, 'App\\Models\\User', 992),
(143, 'App\\Models\\User', 992),
(144, 'App\\Models\\User', 992),
(145, 'App\\Models\\User', 992),
(146, 'App\\Models\\User', 992),
(147, 'App\\Models\\User', 992),
(148, 'App\\Models\\User', 992),
(149, 'App\\Models\\User', 992),
(150, 'App\\Models\\User', 992),
(151, 'App\\Models\\User', 992),
(152, 'App\\Models\\User', 992),
(153, 'App\\Models\\User', 992),
(154, 'App\\Models\\User', 992),
(155, 'App\\Models\\User', 992),
(156, 'App\\Models\\User', 992),
(157, 'App\\Models\\User', 992),
(158, 'App\\Models\\User', 992),
(159, 'App\\Models\\User', 992),
(160, 'App\\Models\\User', 992),
(161, 'App\\Models\\User', 992),
(162, 'App\\Models\\User', 992),
(163, 'App\\Models\\User', 992),
(164, 'App\\Models\\User', 992),
(165, 'App\\Models\\User', 992),
(166, 'App\\Models\\User', 992),
(167, 'App\\Models\\User', 992),
(168, 'App\\Models\\User', 992),
(169, 'App\\Models\\User', 992),
(170, 'App\\Models\\User', 992),
(171, 'App\\Models\\User', 992),
(172, 'App\\Models\\User', 992),
(173, 'App\\Models\\User', 992),
(174, 'App\\Models\\User', 992),
(175, 'App\\Models\\User', 992),
(176, 'App\\Models\\User', 992),
(177, 'App\\Models\\User', 992),
(178, 'App\\Models\\User', 992),
(179, 'App\\Models\\User', 992),
(180, 'App\\Models\\User', 992),
(181, 'App\\Models\\User', 992),
(182, 'App\\Models\\User', 992),
(183, 'App\\Models\\User', 992),
(184, 'App\\Models\\User', 992),
(185, 'App\\Models\\User', 992),
(186, 'App\\Models\\User', 992),
(187, 'App\\Models\\User', 992),
(188, 'App\\Models\\User', 992),
(189, 'App\\Models\\User', 992),
(190, 'App\\Models\\User', 992),
(191, 'App\\Models\\User', 992),
(192, 'App\\Models\\User', 992),
(193, 'App\\Models\\User', 992),
(194, 'App\\Models\\User', 992),
(195, 'App\\Models\\User', 992),
(196, 'App\\Models\\User', 992),
(197, 'App\\Models\\User', 992),
(198, 'App\\Models\\User', 992),
(199, 'App\\Models\\User', 992),
(200, 'App\\Models\\User', 992),
(201, 'App\\Models\\User', 992),
(202, 'App\\Models\\User', 992),
(203, 'App\\Models\\User', 992),
(213, 'App\\Models\\User', 992),
(214, 'App\\Models\\User', 992),
(215, 'App\\Models\\User', 992),
(216, 'App\\Models\\User', 992),
(217, 'App\\Models\\User', 992),
(218, 'App\\Models\\User', 992),
(222, 'App\\Models\\User', 992),
(223, 'App\\Models\\User', 992),
(224, 'App\\Models\\User', 992),
(231, 'App\\Models\\User', 992),
(232, 'App\\Models\\User', 992),
(233, 'App\\Models\\User', 992),
(234, 'App\\Models\\User', 992),
(235, 'App\\Models\\User', 992),
(236, 'App\\Models\\User', 992),
(237, 'App\\Models\\User', 992),
(238, 'App\\Models\\User', 992),
(239, 'App\\Models\\User', 992),
(240, 'App\\Models\\User', 992),
(241, 'App\\Models\\User', 992),
(242, 'App\\Models\\User', 992),
(243, 'App\\Models\\User', 992),
(244, 'App\\Models\\User', 992),
(245, 'App\\Models\\User', 992),
(246, 'App\\Models\\User', 992),
(247, 'App\\Models\\User', 992),
(248, 'App\\Models\\User', 992),
(252, 'App\\Models\\User', 992),
(253, 'App\\Models\\User', 992),
(254, 'App\\Models\\User', 992);

-- --------------------------------------------------------

--
-- Table structure for table `model_has_roles`
--

CREATE TABLE `model_has_roles` (
  `role_id` bigint(20) UNSIGNED NOT NULL,
  `model_type` varchar(255) NOT NULL,
  `model_id` bigint(20) UNSIGNED NOT NULL
) ENGINE=InnoDB DEFAULT CHARSET=utf8mb4 COLLATE=utf8mb4_unicode_ci;

--
-- Dumping data for table `model_has_roles`
--

INSERT INTO `model_has_roles` (`role_id`, `model_type`, `model_id`) VALUES
(2, 'App\\Models\\User', 1),
(2, 'App\\Models\\User', 2),
(3, 'App\\Models\\User', 23);

-- --------------------------------------------------------

--
-- Table structure for table `password_resets`
--

CREATE TABLE `password_resets` (
  `email` varchar(255) NOT NULL,
  `token` varchar(255) NOT NULL,
  `created_at` timestamp NULL DEFAULT NULL
) ENGINE=InnoDB DEFAULT CHARSET=utf8mb4 COLLATE=utf8mb4_unicode_ci;

-- --------------------------------------------------------

--
-- Table structure for table `permissions`
--

CREATE TABLE `permissions` (
  `id` bigint(20) UNSIGNED NOT NULL,
  `name` varchar(191) NOT NULL,
  `guard_name` varchar(191) NOT NULL,
  `created_at` timestamp NULL DEFAULT NULL,
  `updated_at` timestamp NULL DEFAULT NULL
) ENGINE=MyISAM DEFAULT CHARSET=utf8mb4 COLLATE=utf8mb4_unicode_ci;

--
-- Dumping data for table `permissions`
--

INSERT INTO `permissions` (`id`, `name`, `guard_name`, `created_at`, `updated_at`) VALUES
(1, 'edit articles', 'web', '2023-09-22 21:38:03', '2023-09-22 21:38:03'),
(2, 'view user_management', 'web', '2023-09-22 22:18:33', '2023-09-22 22:18:33'),
(3, 'edit user_management', 'web', '2023-09-22 22:18:33', '2023-09-22 22:18:33'),
(4, 'delete user_management', 'web', '2023-09-22 22:18:33', '2023-09-22 22:18:33'),
(5, 'view category', 'web', '2023-09-23 02:14:32', '2023-09-23 02:14:32'),
(6, 'edit category', 'web', '2023-09-23 02:14:32', '2023-09-23 02:14:32'),
(7, 'delete category', 'web', '2023-09-23 02:14:32', '2023-09-23 02:14:32'),
(8, 'view sub_category', 'web', '2023-09-23 02:14:37', '2023-09-23 02:14:37'),
(9, 'edit sub_category', 'web', '2023-09-23 02:14:37', '2023-09-23 02:14:37'),
(10, 'delete sub_category', 'web', '2023-09-23 02:14:37', '2023-09-23 02:14:37'),
(11, 'view brand', 'web', '2023-09-23 02:14:41', '2023-09-23 02:14:41'),
(12, 'edit brand', 'web', '2023-09-23 02:14:41', '2023-09-23 02:14:41'),
(13, 'delete brand', 'web', '2023-09-23 02:14:41', '2023-09-23 02:14:41'),
(14, 'view service_name', 'web', '2023-11-28 23:23:25', '2023-11-28 23:23:25'),
(15, 'edit service_name', 'web', '2023-11-28 23:23:26', '2023-11-28 23:23:26'),
(16, 'delete service_name', 'web', '2023-11-28 23:23:26', '2023-11-28 23:23:26');

-- --------------------------------------------------------

--
-- Table structure for table `permission_categories`
--

CREATE TABLE `permission_categories` (
  `id` bigint(20) UNSIGNED NOT NULL,
  `title` varchar(191) DEFAULT NULL,
  `name` varchar(191) DEFAULT NULL,
  `type` varchar(191) DEFAULT NULL,
  `status` enum('Active','Inactive') DEFAULT NULL,
  `local` timestamp NULL DEFAULT NULL,
  `online` timestamp NULL DEFAULT NULL,
  `deleted_at` timestamp NULL DEFAULT NULL,
  `created_at` timestamp NULL DEFAULT NULL,
  `updated_at` timestamp NULL DEFAULT NULL
) ENGINE=MyISAM DEFAULT CHARSET=utf8mb4 COLLATE=utf8mb4_unicode_ci;

--
-- Dumping data for table `permission_categories`
--

INSERT INTO `permission_categories` (`id`, `title`, `name`, `type`, `status`, `local`, `online`, `deleted_at`, `created_at`, `updated_at`) VALUES
(1, 'User Management', 'user_management', 'setting', 'Active', NULL, NULL, NULL, '2023-09-22 22:18:33', '2023-09-22 22:18:33'),
(2, 'Category', 'category', 'products', 'Active', NULL, NULL, NULL, '2023-09-23 02:14:31', '2023-09-23 02:14:31'),
(3, 'Sub Category', 'sub_category', 'products', 'Active', NULL, NULL, NULL, '2023-09-23 02:14:37', '2023-09-23 02:14:37'),
(4, 'Brand', 'brand', 'products', 'Active', NULL, NULL, NULL, '2023-09-23 02:14:41', '2023-09-23 02:14:41'),
(5, 'Service Name', 'service_name', 'products', 'Active', NULL, NULL, NULL, '2023-11-28 23:23:25', '2023-11-28 23:23:25');

-- --------------------------------------------------------

--
-- Table structure for table `personal_access_tokens`
--

CREATE TABLE `personal_access_tokens` (
  `id` bigint(20) UNSIGNED NOT NULL,
  `tokenable_type` varchar(255) NOT NULL,
  `tokenable_id` bigint(20) UNSIGNED NOT NULL,
  `name` varchar(255) NOT NULL,
  `token` varchar(64) NOT NULL,
  `abilities` text DEFAULT NULL,
  `last_used_at` timestamp NULL DEFAULT NULL,
  `created_at` timestamp NULL DEFAULT NULL,
  `updated_at` timestamp NULL DEFAULT NULL
) ENGINE=InnoDB DEFAULT CHARSET=utf8mb4 COLLATE=utf8mb4_unicode_ci;

-- --------------------------------------------------------

--
-- Table structure for table `positions`
--

CREATE TABLE `positions` (
  `id` bigint(20) UNSIGNED NOT NULL,
  `user_id` bigint(20) UNSIGNED NOT NULL,
  `name` varchar(255) NOT NULL,
  `description` text DEFAULT NULL,
  `created_at` timestamp NULL DEFAULT NULL,
  `updated_at` timestamp NULL DEFAULT NULL
) ENGINE=InnoDB DEFAULT CHARSET=utf8mb4 COLLATE=utf8mb4_unicode_ci;

--
-- Dumping data for table `positions`
--

INSERT INTO `positions` (`id`, `user_id`, `name`, `description`, `created_at`, `updated_at`) VALUES
(1, 2, '  GM', NULL, '2025-12-09 07:12:38', '2025-12-09 07:12:54');

-- --------------------------------------------------------

--
-- Table structure for table `roles`
--

CREATE TABLE `roles` (
  `id` bigint(20) UNSIGNED NOT NULL,
  `name` varchar(191) NOT NULL,
  `guard_name` varchar(191) NOT NULL,
  `created_at` timestamp NULL DEFAULT NULL,
  `updated_at` timestamp NULL DEFAULT NULL
) ENGINE=MyISAM DEFAULT CHARSET=utf8mb4 COLLATE=utf8mb4_unicode_ci;

--
-- Dumping data for table `roles`
--

INSERT INTO `roles` (`id`, `name`, `guard_name`, `created_at`, `updated_at`) VALUES
(1, 'superadmin', 'web', '2020-03-12 14:19:59', '2020-03-12 14:19:59'),
(2, 'admin', 'web', '2020-03-12 14:19:59', '2020-03-12 14:19:59'),
(3, 'user', 'web', '2020-03-12 14:19:59', '2020-03-12 14:19:59'),
(4, 'agent', 'web', '2020-03-12 14:19:59', '2020-03-12 14:19:59'),
(5, 'support', 'web', '2020-03-12 14:19:59', '2020-03-12 14:19:59'),
(6, 'member', 'web', '2020-03-12 14:19:59', '2020-03-12 14:19:59'),
(7, 'Employee', 'web', '2023-09-09 11:52:30', '2023-09-09 11:52:30');

-- --------------------------------------------------------

--
-- Table structure for table `role_has_permissions`
--

CREATE TABLE `role_has_permissions` (
  `permission_id` bigint(20) UNSIGNED NOT NULL,
  `role_id` bigint(20) UNSIGNED NOT NULL
) ENGINE=MyISAM DEFAULT CHARSET=utf8mb4 COLLATE=utf8mb4_unicode_ci;

--
-- Dumping data for table `role_has_permissions`
--

INSERT INTO `role_has_permissions` (`permission_id`, `role_id`) VALUES
(2, 2),
(2, 3),
(3, 2),
(3, 3),
(4, 2),
(4, 3),
(5, 2),
(5, 3),
(6, 2),
(6, 3),
(7, 2),
(7, 3),
(8, 2),
(8, 3),
(9, 2),
(9, 3),
(10, 2),
(10, 3),
(11, 2),
(11, 3),
(12, 2),
(12, 3),
(13, 2),
(13, 3),
(14, 2),
(14, 3),
(15, 2),
(15, 3),
(16, 2),
(16, 3);

-- --------------------------------------------------------

--
-- Table structure for table `savings_accounts`
--

CREATE TABLE `savings_accounts` (
  `id` bigint(20) UNSIGNED NOT NULL,
  `member_id` bigint(20) UNSIGNED NOT NULL,
  `balance` decimal(40,2) NOT NULL DEFAULT 0.00,
  `type` varchar(255) NOT NULL DEFAULT 'general',
  `created_at` timestamp NULL DEFAULT NULL,
  `updated_at` timestamp NULL DEFAULT NULL
) ENGINE=InnoDB DEFAULT CHARSET=utf8mb4 COLLATE=utf8mb4_unicode_ci;

-- --------------------------------------------------------

--
-- Table structure for table `savings_collections`
--

CREATE TABLE `savings_collections` (
  `id` bigint(20) UNSIGNED NOT NULL,
  `user_id` bigint(20) UNSIGNED NOT NULL,
  `member_id` bigint(20) UNSIGNED NOT NULL,
  `date` date NOT NULL,
  `amount` decimal(40,2) NOT NULL,
  `created_at` timestamp NULL DEFAULT NULL,
  `updated_at` timestamp NULL DEFAULT NULL
) ENGINE=InnoDB DEFAULT CHARSET=utf8mb4 COLLATE=utf8mb4_unicode_ci;

-- --------------------------------------------------------

--
-- Table structure for table `savings_transactions`
--

CREATE TABLE `savings_transactions` (
  `id` bigint(20) UNSIGNED NOT NULL,
  `savings_account_id` bigint(20) UNSIGNED NOT NULL,
  `date` date NOT NULL,
  `transaction_type` enum('deposit','withdraw') NOT NULL,
  `amount` decimal(40,2) NOT NULL,
  `balance_after` decimal(40,2) NOT NULL,
  `note` text DEFAULT NULL,
  `created_at` timestamp NULL DEFAULT NULL,
  `updated_at` timestamp NULL DEFAULT NULL
) ENGINE=InnoDB DEFAULT CHARSET=utf8mb4 COLLATE=utf8mb4_unicode_ci;

-- --------------------------------------------------------

--
-- Table structure for table `sessions`
--

CREATE TABLE `sessions` (
  `id` varchar(255) NOT NULL,
  `user_id` bigint(20) UNSIGNED DEFAULT NULL,
  `ip_address` varchar(45) DEFAULT NULL,
  `user_agent` text DEFAULT NULL,
  `payload` text NOT NULL,
  `last_activity` int(11) NOT NULL
) ENGINE=InnoDB DEFAULT CHARSET=utf8mb4 COLLATE=utf8mb4_unicode_ci;

--
-- Dumping data for table `sessions`
--

INSERT INTO `sessions` (`id`, `user_id`, `ip_address`, `user_agent`, `payload`, `last_activity`) VALUES
('I5IHyDM2h6psFA4rH1bth71WbCV5DjwysLNWentO', NULL, '127.0.0.1', 'Mozilla/5.0 (Windows NT 10.0; Win64; x64; rv:120.0) Gecko/20100101 Firefox/120.0', 'YTozOntzOjY6Il90b2tlbiI7czo0MDoicGMxYTE3ZnR1elk0eFdIMnBhRXByT2JDUGdpOVZZSnlJbDdsRzNTVCI7czo2OiJfZmxhc2giO2E6Mjp7czozOiJvbGQiO2E6MDp7fXM6MzoibmV3IjthOjA6e319czo5OiJfcHJldmlvdXMiO2E6MTp7czozOiJ1cmwiO3M6MjE6Imh0dHA6Ly8xMjcuMC4wLjE6ODAwMCI7fX0=', 1698552730);

-- --------------------------------------------------------

--
-- Table structure for table `staff`
--

CREATE TABLE `staff` (
  `id` bigint(20) UNSIGNED NOT NULL,
  `user_id` bigint(20) UNSIGNED NOT NULL,
  `position_id` bigint(20) UNSIGNED NOT NULL,
  `branch_id` bigint(20) UNSIGNED DEFAULT NULL,
  `name` varchar(255) NOT NULL,
  `email` varchar(255) NOT NULL,
  `phone` varchar(255) NOT NULL,
  `address` varchar(255) NOT NULL,
  `status` tinyint(4) NOT NULL COMMENT '1 = Active, 0 = Inactive',
  `feild` tinyint(4) NOT NULL COMMENT '1 = Yes, 0 = No',
  `created_at` timestamp NULL DEFAULT NULL,
  `updated_at` timestamp NULL DEFAULT NULL
) ENGINE=InnoDB DEFAULT CHARSET=utf8mb4 COLLATE=utf8mb4_unicode_ci;

--
-- Dumping data for table `staff`
--

INSERT INTO `staff` (`id`, `user_id`, `position_id`, `branch_id`, `name`, `email`, `phone`, `address`, `status`, `feild`, `created_at`, `updated_at`) VALUES
(1, 27, 1, NULL, 'Asif Hossain', 'asif@gmail.com', '01825391600', 'Dhaka', 1, 0, '2025-12-09 07:20:50', '2025-12-09 07:20:50');

-- --------------------------------------------------------

--
-- Table structure for table `teams`
--

CREATE TABLE `teams` (
  `id` bigint(20) UNSIGNED NOT NULL,
  `user_id` bigint(20) UNSIGNED NOT NULL,
  `name` varchar(255) NOT NULL,
  `personal_team` tinyint(1) NOT NULL,
  `created_at` timestamp NULL DEFAULT NULL,
  `updated_at` timestamp NULL DEFAULT NULL
) ENGINE=InnoDB DEFAULT CHARSET=utf8mb4 COLLATE=utf8mb4_unicode_ci;

-- --------------------------------------------------------

--
-- Table structure for table `transactions`
--

CREATE TABLE `transactions` (
  `id` bigint(20) UNSIGNED NOT NULL,
  `date` date NOT NULL,
  `user_id` bigint(20) UNSIGNED DEFAULT NULL,
  `member_id` bigint(20) UNSIGNED DEFAULT NULL,
  `join_fee` decimal(20,2) DEFAULT NULL,
  `service_charge` decimal(20,2) DEFAULT NULL,
  `late_service_charge` decimal(20,2) DEFAULT NULL,
  `loan_amount` decimal(20,2) DEFAULT NULL,
  `single_loan_amount` decimal(20,2) DEFAULT NULL,
  `loan_id` bigint(20) UNSIGNED DEFAULT NULL,
  `status` tinyint(4) NOT NULL DEFAULT 1 COMMENT '1=Active,0=InActive',
  `type` enum('admin','member') NOT NULL,
  `transaction_type` enum('debit','credit') NOT NULL,
  `balance` decimal(20,2) DEFAULT NULL,
  `note` text DEFAULT NULL,
  `created_at` timestamp NULL DEFAULT NULL,
  `updated_at` timestamp NULL DEFAULT NULL
) ENGINE=InnoDB DEFAULT CHARSET=utf8mb4 COLLATE=utf8mb4_unicode_ci;

--
-- Dumping data for table `transactions`
--

INSERT INTO `transactions` (`id`, `date`, `user_id`, `member_id`, `join_fee`, `service_charge`, `late_service_charge`, `loan_amount`, `single_loan_amount`, `loan_id`, `status`, `type`, `transaction_type`, `balance`, `note`, `created_at`, `updated_at`) VALUES
(1, '2025-12-01', 2, NULL, 250.00, NULL, NULL, NULL, NULL, NULL, 1, 'admin', 'debit', NULL, NULL, '2025-12-09 08:44:29', '2025-12-09 08:44:29'),
(2, '2025-12-01', NULL, 1, 250.00, NULL, NULL, NULL, NULL, NULL, 1, 'member', 'credit', NULL, NULL, '2025-12-09 08:44:29', '2025-12-09 08:44:29'),
(3, '2025-12-01', NULL, 1, NULL, NULL, NULL, 20000.00, 216.67, 1, 1, 'member', 'debit', 0.00, 'Loan Disbursement', '2025-12-09 08:46:19', '2025-12-09 08:46:19'),
(4, '2025-12-01', 2, NULL, NULL, NULL, NULL, 20000.00, 216.67, 1, 1, 'admin', 'credit', 0.00, 'Loan Disbursement', '2025-12-09 08:46:19', '2025-12-09 08:46:19'),
(5, '2025-12-09', NULL, 1, NULL, NULL, NULL, 216.67, NULL, 1, 1, 'member', 'credit', NULL, 'Installment Payment', '2025-12-09 08:47:39', '2025-12-09 08:47:39'),
(6, '2025-11-08', 2, NULL, 250.00, NULL, NULL, NULL, NULL, NULL, 1, 'admin', 'debit', NULL, NULL, '2025-12-09 08:53:09', '2025-12-09 08:53:09'),
(7, '2025-11-08', NULL, 2, 250.00, NULL, NULL, NULL, NULL, NULL, 1, 'member', 'credit', NULL, NULL, '2025-12-09 08:53:09', '2025-12-09 08:53:09'),
(8, '2025-11-08', NULL, 2, NULL, NULL, NULL, 20000.00, 206.67, 2, 1, 'member', 'debit', 0.00, 'Loan Disbursement', '2025-12-09 08:56:19', '2025-12-09 08:56:19'),
(9, '2025-11-08', 2, NULL, NULL, NULL, NULL, 20000.00, 206.67, 2, 1, 'admin', 'credit', 0.00, 'Loan Disbursement', '2025-12-09 08:56:19', '2025-12-09 08:56:19'),
(10, '2025-12-09', NULL, 2, NULL, NULL, NULL, 206.00, NULL, 2, 1, 'member', 'credit', NULL, 'Installment Payment', '2025-12-09 08:59:02', '2025-12-09 08:59:02'),
(11, '2025-11-10', 2, NULL, 250.00, NULL, NULL, NULL, NULL, NULL, 1, 'admin', 'debit', NULL, NULL, '2025-12-09 09:01:53', '2025-12-09 09:01:53'),
(12, '2025-11-10', NULL, 3, 250.00, NULL, NULL, NULL, NULL, NULL, 1, 'member', 'credit', NULL, NULL, '2025-12-09 09:01:53', '2025-12-09 09:01:53'),
(13, '2025-11-10', NULL, 3, NULL, NULL, NULL, 30000.00, 5001.67, 3, 1, 'member', 'debit', 0.00, 'Loan Disbursement', '2025-12-09 09:04:40', '2025-12-09 09:04:40'),
(14, '2025-11-10', 2, NULL, NULL, NULL, NULL, 30000.00, 5001.67, 3, 1, 'admin', 'credit', 0.00, 'Loan Disbursement', '2025-12-09 09:04:40', '2025-12-09 09:04:40');

-- --------------------------------------------------------

--
-- Table structure for table `users`
--

CREATE TABLE `users` (
  `id` bigint(20) UNSIGNED NOT NULL,
  `name` varchar(255) NOT NULL,
  `email` varchar(255) NOT NULL,
  `email_verified_at` timestamp NULL DEFAULT NULL,
  `password` varchar(255) NOT NULL,
  `type` varchar(255) DEFAULT NULL,
  `two_factor_secret` text DEFAULT NULL,
  `two_factor_recovery_codes` text DEFAULT NULL,
  `two_factor_confirmed_at` timestamp NULL DEFAULT NULL,
  `remember_token` varchar(100) DEFAULT NULL,
  `profile_photo_path` varchar(2048) DEFAULT NULL,
  `created_at` timestamp NULL DEFAULT NULL,
  `updated_at` timestamp NULL DEFAULT NULL,
  `deleted_at` timestamp NULL DEFAULT NULL
) ENGINE=InnoDB DEFAULT CHARSET=utf8mb4 COLLATE=utf8mb4_unicode_ci;

--
-- Dumping data for table `users`
--

INSERT INTO `users` (`id`, `name`, `email`, `email_verified_at`, `password`, `type`, `two_factor_secret`, `two_factor_recovery_codes`, `two_factor_confirmed_at`, `remember_token`, `profile_photo_path`, `created_at`, `updated_at`, `deleted_at`) VALUES
(2, 'NISSL', 'nazmul@gmail.com', NULL, '$2y$10$xAKfG4nGD0u5D8T2dRP5Iu6PHzw.t8sxjY9CBF3vYbGQuXO1L/Ioq', 'admin', NULL, NULL, NULL, 'lYyur1TgBMuo4XoFjn7oSgtk0mtWc232jvmuGvUrfD9pAujCnQrw2QsvBlBJ', NULL, '2023-09-23 00:08:01', '2025-12-09 06:58:29', NULL),
(26, 'Asif Hossain', 'admin@gmail.com', NULL, '$2y$10$vKUKi4iw1.PvJz574r9Truu8mZh6lhdedRbOLLmZDRYX7h8PIB4GS', NULL, NULL, NULL, NULL, NULL, NULL, '2025-12-09 07:16:59', '2025-12-09 07:16:59', NULL),
(27, 'Asif Hossain', 'asif@gmail.com', NULL, '$2y$10$D228SmnePwiKlhM5tMKNeu5oZ/xO9AHDRcTVcORdDByIjEe6X4.jW', NULL, NULL, NULL, NULL, NULL, NULL, '2025-12-09 07:20:50', '2025-12-09 07:20:50', NULL);

-- --------------------------------------------------------

--
-- Table structure for table `user_has_permissions`
--

CREATE TABLE `user_has_permissions` (
  `permission_id` bigint(20) UNSIGNED NOT NULL,
  `model_type` varchar(191) NOT NULL,
  `user_id` bigint(20) UNSIGNED NOT NULL
) ENGINE=MyISAM DEFAULT CHARSET=utf8mb4 COLLATE=utf8mb4_unicode_ci;

--
-- Dumping data for table `user_has_permissions`
--

INSERT INTO `user_has_permissions` (`permission_id`, `model_type`, `user_id`) VALUES
(2, 'App\\Models\\User', 1),
(3, 'App\\Models\\User', 1),
(4, 'App\\Models\\User', 1);

-- --------------------------------------------------------

--
-- Table structure for table `user_has_roles`
--

CREATE TABLE `user_has_roles` (
  `role_id` bigint(20) UNSIGNED NOT NULL,
  `model_type` varchar(191) NOT NULL,
  `user_id` bigint(20) UNSIGNED NOT NULL
) ENGINE=MyISAM DEFAULT CHARSET=utf8mb4 COLLATE=utf8mb4_unicode_ci;

--
-- Indexes for dumped tables
--

--
-- Indexes for table `areas`
--
ALTER TABLE `areas`
  ADD PRIMARY KEY (`id`),
  ADD KEY `areas_user_id_foreign` (`user_id`);

--
-- Indexes for table `bank_accounts`
--
ALTER TABLE `bank_accounts`
  ADD PRIMARY KEY (`id`),
  ADD KEY `bank_accounts_user_id_foreign` (`user_id`);

--
-- Indexes for table `bank_transactions`
--
ALTER TABLE `bank_transactions`
  ADD PRIMARY KEY (`id`),
  ADD KEY `bank_transactions_bank_account_id_foreign` (`bank_account_id`),
  ADD KEY `bank_transactions_user_id_foreign` (`user_id`);

--
-- Indexes for table `branches`
--
ALTER TABLE `branches`
  ADD PRIMARY KEY (`id`),
  ADD KEY `branches_user_id_foreign` (`user_id`);

--
-- Indexes for table `categories`
--
ALTER TABLE `categories`
  ADD PRIMARY KEY (`id`);

--
-- Indexes for table `dps_accounts`
--
ALTER TABLE `dps_accounts`
  ADD PRIMARY KEY (`id`);

--
-- Indexes for table `dps_installments`
--
ALTER TABLE `dps_installments`
  ADD PRIMARY KEY (`id`);

--
-- Indexes for table `dps_plans`
--
ALTER TABLE `dps_plans`
  ADD PRIMARY KEY (`id`);

--
-- Indexes for table `failed_jobs`
--
ALTER TABLE `failed_jobs`
  ADD PRIMARY KEY (`id`),
  ADD UNIQUE KEY `failed_jobs_uuid_unique` (`uuid`);

--
-- Indexes for table `fd_rates`
--
ALTER TABLE `fd_rates`
  ADD PRIMARY KEY (`id`);

--
-- Indexes for table `fixed_deposits`
--
ALTER TABLE `fixed_deposits`
  ADD PRIMARY KEY (`id`);

--
-- Indexes for table `fixed_deposit_transactions`
--
ALTER TABLE `fixed_deposit_transactions`
  ADD PRIMARY KEY (`id`);

--
-- Indexes for table `income_expenses`
--
ALTER TABLE `income_expenses`
  ADD PRIMARY KEY (`id`),
  ADD KEY `income_expenses_user_id_foreign` (`user_id`),
  ADD KEY `income_expenses_category_id_foreign` (`category_id`);

--
-- Indexes for table `installments`
--
ALTER TABLE `installments`
  ADD PRIMARY KEY (`id`),
  ADD KEY `installments_loan_id_foreign` (`loan_id`),
  ADD KEY `installments_member_id_foreign` (`member_id`),
  ADD KEY `installments_transaction_id_foreign` (`transaction_id`);

--
-- Indexes for table `loans`
--
ALTER TABLE `loans`
  ADD PRIMARY KEY (`id`),
  ADD KEY `loans_user_id_foreign` (`user_id`),
  ADD KEY `loans_area_id_foreign` (`area_id`),
  ADD KEY `loans_member_id_foreign` (`member_id`);

--
-- Indexes for table `members`
--
ALTER TABLE `members`
  ADD PRIMARY KEY (`id`),
  ADD UNIQUE KEY `members_nid_unique` (`nid`),
  ADD KEY `members_user_id_foreign` (`user_id`),
  ADD KEY `members_area_id_foreign` (`area_id`);

--
-- Indexes for table `migrations`
--
ALTER TABLE `migrations`
  ADD PRIMARY KEY (`id`);

--
-- Indexes for table `model_has_permissions`
--
ALTER TABLE `model_has_permissions`
  ADD PRIMARY KEY (`permission_id`,`model_id`,`model_type`),
  ADD KEY `model_has_permissions_model_id_model_type_index` (`model_id`,`model_type`);

--
-- Indexes for table `model_has_roles`
--
ALTER TABLE `model_has_roles`
  ADD PRIMARY KEY (`role_id`,`model_id`,`model_type`),
  ADD KEY `model_has_roles_model_id_model_type_index` (`model_id`,`model_type`);

--
-- Indexes for table `password_resets`
--
ALTER TABLE `password_resets`
  ADD KEY `password_resets_email_index` (`email`);

--
-- Indexes for table `permissions`
--
ALTER TABLE `permissions`
  ADD PRIMARY KEY (`id`);

--
-- Indexes for table `permission_categories`
--
ALTER TABLE `permission_categories`
  ADD PRIMARY KEY (`id`);

--
-- Indexes for table `personal_access_tokens`
--
ALTER TABLE `personal_access_tokens`
  ADD PRIMARY KEY (`id`),
  ADD UNIQUE KEY `personal_access_tokens_token_unique` (`token`),
  ADD KEY `personal_access_tokens_tokenable_type_tokenable_id_index` (`tokenable_type`,`tokenable_id`);

--
-- Indexes for table `positions`
--
ALTER TABLE `positions`
  ADD PRIMARY KEY (`id`),
  ADD KEY `positions_user_id_foreign` (`user_id`);

--
-- Indexes for table `roles`
--
ALTER TABLE `roles`
  ADD PRIMARY KEY (`id`);

--
-- Indexes for table `role_has_permissions`
--
ALTER TABLE `role_has_permissions`
  ADD PRIMARY KEY (`permission_id`,`role_id`),
  ADD KEY `role_has_permissions_role_id_foreign` (`role_id`);

--
-- Indexes for table `savings_accounts`
--
ALTER TABLE `savings_accounts`
  ADD PRIMARY KEY (`id`),
  ADD KEY `savings_accounts_member_id_foreign` (`member_id`);

--
-- Indexes for table `savings_collections`
--
ALTER TABLE `savings_collections`
  ADD PRIMARY KEY (`id`),
  ADD KEY `savings_collections_user_id_foreign` (`user_id`),
  ADD KEY `savings_collections_member_id_foreign` (`member_id`);

--
-- Indexes for table `savings_transactions`
--
ALTER TABLE `savings_transactions`
  ADD PRIMARY KEY (`id`),
  ADD KEY `savings_transactions_savings_account_id_foreign` (`savings_account_id`);

--
-- Indexes for table `sessions`
--
ALTER TABLE `sessions`
  ADD PRIMARY KEY (`id`),
  ADD KEY `sessions_user_id_index` (`user_id`),
  ADD KEY `sessions_last_activity_index` (`last_activity`);

--
-- Indexes for table `staff`
--
ALTER TABLE `staff`
  ADD PRIMARY KEY (`id`),
  ADD KEY `staff_user_id_foreign` (`user_id`),
  ADD KEY `staff_position_id_foreign` (`position_id`),
  ADD KEY `branch_id_foregin` (`branch_id`);

--
-- Indexes for table `teams`
--
ALTER TABLE `teams`
  ADD PRIMARY KEY (`id`),
  ADD KEY `teams_user_id_index` (`user_id`);

--
-- Indexes for table `transactions`
--
ALTER TABLE `transactions`
  ADD PRIMARY KEY (`id`),
  ADD KEY `transactions_user_id_foreign` (`user_id`),
  ADD KEY `transactions_member_id_foreign` (`member_id`),
  ADD KEY `transaction_loan_id_foregin_id` (`loan_id`);

--
-- Indexes for table `users`
--
ALTER TABLE `users`
  ADD PRIMARY KEY (`id`),
  ADD UNIQUE KEY `users_email_unique` (`email`);

--
-- Indexes for table `user_has_permissions`
--
ALTER TABLE `user_has_permissions`
  ADD PRIMARY KEY (`permission_id`,`user_id`,`model_type`),
  ADD KEY `model_has_permissions_model_id_model_type_index` (`user_id`,`model_type`);

--
-- Indexes for table `user_has_roles`
--
ALTER TABLE `user_has_roles`
  ADD PRIMARY KEY (`role_id`,`user_id`,`model_type`),
  ADD KEY `model_has_roles_model_id_model_type_index` (`user_id`,`model_type`);

--
-- AUTO_INCREMENT for dumped tables
--

--
-- AUTO_INCREMENT for table `areas`
--
ALTER TABLE `areas`
  MODIFY `id` bigint(20) UNSIGNED NOT NULL AUTO_INCREMENT, AUTO_INCREMENT=2;

--
-- AUTO_INCREMENT for table `bank_accounts`
--
ALTER TABLE `bank_accounts`
  MODIFY `id` bigint(20) UNSIGNED NOT NULL AUTO_INCREMENT;

--
-- AUTO_INCREMENT for table `bank_transactions`
--
ALTER TABLE `bank_transactions`
  MODIFY `id` bigint(20) UNSIGNED NOT NULL AUTO_INCREMENT;

--
-- AUTO_INCREMENT for table `branches`
--
ALTER TABLE `branches`
  MODIFY `id` bigint(20) UNSIGNED NOT NULL AUTO_INCREMENT, AUTO_INCREMENT=3;

--
-- AUTO_INCREMENT for table `categories`
--
ALTER TABLE `categories`
  MODIFY `id` bigint(20) UNSIGNED NOT NULL AUTO_INCREMENT, AUTO_INCREMENT=3;

--
-- AUTO_INCREMENT for table `dps_accounts`
--
ALTER TABLE `dps_accounts`
  MODIFY `id` bigint(20) UNSIGNED NOT NULL AUTO_INCREMENT;

--
-- AUTO_INCREMENT for table `dps_installments`
--
ALTER TABLE `dps_installments`
  MODIFY `id` bigint(20) UNSIGNED NOT NULL AUTO_INCREMENT;

--
-- AUTO_INCREMENT for table `dps_plans`
--
ALTER TABLE `dps_plans`
  MODIFY `id` bigint(20) UNSIGNED NOT NULL AUTO_INCREMENT;

--
-- AUTO_INCREMENT for table `failed_jobs`
--
ALTER TABLE `failed_jobs`
  MODIFY `id` bigint(20) UNSIGNED NOT NULL AUTO_INCREMENT;

--
-- AUTO_INCREMENT for table `fd_rates`
--
ALTER TABLE `fd_rates`
  MODIFY `id` bigint(20) UNSIGNED NOT NULL AUTO_INCREMENT;

--
-- AUTO_INCREMENT for table `fixed_deposits`
--
ALTER TABLE `fixed_deposits`
  MODIFY `id` bigint(20) UNSIGNED NOT NULL AUTO_INCREMENT;

--
-- AUTO_INCREMENT for table `fixed_deposit_transactions`
--
ALTER TABLE `fixed_deposit_transactions`
  MODIFY `id` bigint(20) UNSIGNED NOT NULL AUTO_INCREMENT;

--
-- AUTO_INCREMENT for table `income_expenses`
--
ALTER TABLE `income_expenses`
  MODIFY `id` bigint(20) UNSIGNED NOT NULL AUTO_INCREMENT;

--
-- AUTO_INCREMENT for table `installments`
--
ALTER TABLE `installments`
  MODIFY `id` bigint(20) UNSIGNED NOT NULL AUTO_INCREMENT, AUTO_INCREMENT=247;

--
-- AUTO_INCREMENT for table `loans`
--
ALTER TABLE `loans`
  MODIFY `id` bigint(20) UNSIGNED NOT NULL AUTO_INCREMENT, AUTO_INCREMENT=4;

--
-- AUTO_INCREMENT for table `members`
--
ALTER TABLE `members`
  MODIFY `id` bigint(20) UNSIGNED NOT NULL AUTO_INCREMENT, AUTO_INCREMENT=4;

--
-- AUTO_INCREMENT for table `migrations`
--
ALTER TABLE `migrations`
  MODIFY `id` int(10) UNSIGNED NOT NULL AUTO_INCREMENT, AUTO_INCREMENT=36;

--
-- AUTO_INCREMENT for table `permissions`
--
ALTER TABLE `permissions`
  MODIFY `id` bigint(20) UNSIGNED NOT NULL AUTO_INCREMENT, AUTO_INCREMENT=17;

--
-- AUTO_INCREMENT for table `permission_categories`
--
ALTER TABLE `permission_categories`
  MODIFY `id` bigint(20) UNSIGNED NOT NULL AUTO_INCREMENT, AUTO_INCREMENT=6;

--
-- AUTO_INCREMENT for table `personal_access_tokens`
--
ALTER TABLE `personal_access_tokens`
  MODIFY `id` bigint(20) UNSIGNED NOT NULL AUTO_INCREMENT;

--
-- AUTO_INCREMENT for table `positions`
--
ALTER TABLE `positions`
  MODIFY `id` bigint(20) UNSIGNED NOT NULL AUTO_INCREMENT, AUTO_INCREMENT=2;

--
-- AUTO_INCREMENT for table `roles`
--
ALTER TABLE `roles`
  MODIFY `id` bigint(20) UNSIGNED NOT NULL AUTO_INCREMENT, AUTO_INCREMENT=8;

--
-- AUTO_INCREMENT for table `savings_accounts`
--
ALTER TABLE `savings_accounts`
  MODIFY `id` bigint(20) UNSIGNED NOT NULL AUTO_INCREMENT;

--
-- AUTO_INCREMENT for table `savings_collections`
--
ALTER TABLE `savings_collections`
  MODIFY `id` bigint(20) UNSIGNED NOT NULL AUTO_INCREMENT;

--
-- AUTO_INCREMENT for table `savings_transactions`
--
ALTER TABLE `savings_transactions`
  MODIFY `id` bigint(20) UNSIGNED NOT NULL AUTO_INCREMENT;

--
-- AUTO_INCREMENT for table `staff`
--
ALTER TABLE `staff`
  MODIFY `id` bigint(20) UNSIGNED NOT NULL AUTO_INCREMENT, AUTO_INCREMENT=2;

--
-- AUTO_INCREMENT for table `teams`
--
ALTER TABLE `teams`
  MODIFY `id` bigint(20) UNSIGNED NOT NULL AUTO_INCREMENT;

--
-- AUTO_INCREMENT for table `transactions`
--
ALTER TABLE `transactions`
  MODIFY `id` bigint(20) UNSIGNED NOT NULL AUTO_INCREMENT, AUTO_INCREMENT=15;

--
-- AUTO_INCREMENT for table `users`
--
ALTER TABLE `users`
  MODIFY `id` bigint(20) UNSIGNED NOT NULL AUTO_INCREMENT, AUTO_INCREMENT=28;

--
-- Constraints for dumped tables
--

--
-- Constraints for table `areas`
--
ALTER TABLE `areas`
  ADD CONSTRAINT `areas_user_id_foreign` FOREIGN KEY (`user_id`) REFERENCES `users` (`id`) ON UPDATE CASCADE;

--
-- Constraints for table `bank_accounts`
--
ALTER TABLE `bank_accounts`
  ADD CONSTRAINT `bank_accounts_user_id_foreign` FOREIGN KEY (`user_id`) REFERENCES `users` (`id`) ON UPDATE CASCADE;

--
-- Constraints for table `bank_transactions`
--
ALTER TABLE `bank_transactions`
  ADD CONSTRAINT `bank_transactions_bank_account_id_foreign` FOREIGN KEY (`bank_account_id`) REFERENCES `bank_accounts` (`id`) ON UPDATE CASCADE,
  ADD CONSTRAINT `bank_transactions_user_id_foreign` FOREIGN KEY (`user_id`) REFERENCES `users` (`id`) ON UPDATE CASCADE;

--
-- Constraints for table `branches`
--
ALTER TABLE `branches`
  ADD CONSTRAINT `branches_user_id_foreign` FOREIGN KEY (`user_id`) REFERENCES `users` (`id`) ON UPDATE CASCADE;

--
-- Constraints for table `income_expenses`
--
ALTER TABLE `income_expenses`
  ADD CONSTRAINT `income_expenses_category_id_foreign` FOREIGN KEY (`category_id`) REFERENCES `categories` (`id`) ON UPDATE CASCADE,
  ADD CONSTRAINT `income_expenses_user_id_foreign` FOREIGN KEY (`user_id`) REFERENCES `users` (`id`) ON UPDATE CASCADE;

--
-- Constraints for table `installments`
--
ALTER TABLE `installments`
  ADD CONSTRAINT `installments_loan_id_foreign` FOREIGN KEY (`loan_id`) REFERENCES `loans` (`id`) ON UPDATE CASCADE,
  ADD CONSTRAINT `installments_member_id_foreign` FOREIGN KEY (`member_id`) REFERENCES `members` (`id`) ON UPDATE CASCADE,
  ADD CONSTRAINT `installments_transaction_id_foreign` FOREIGN KEY (`transaction_id`) REFERENCES `transactions` (`id`) ON DELETE SET NULL;

--
-- Constraints for table `loans`
--
ALTER TABLE `loans`
  ADD CONSTRAINT `loans_area_id_foreign` FOREIGN KEY (`area_id`) REFERENCES `areas` (`id`) ON UPDATE CASCADE,
  ADD CONSTRAINT `loans_member_id_foreign` FOREIGN KEY (`member_id`) REFERENCES `members` (`id`) ON UPDATE CASCADE,
  ADD CONSTRAINT `loans_user_id_foreign` FOREIGN KEY (`user_id`) REFERENCES `users` (`id`) ON UPDATE CASCADE;

--
-- Constraints for table `members`
--
ALTER TABLE `members`
  ADD CONSTRAINT `members_area_id_foreign` FOREIGN KEY (`area_id`) REFERENCES `areas` (`id`) ON UPDATE CASCADE,
  ADD CONSTRAINT `members_user_id_foreign` FOREIGN KEY (`user_id`) REFERENCES `users` (`id`) ON UPDATE CASCADE;

--
-- Constraints for table `positions`
--
ALTER TABLE `positions`
  ADD CONSTRAINT `positions_user_id_foreign` FOREIGN KEY (`user_id`) REFERENCES `users` (`id`) ON UPDATE CASCADE;

--
-- Constraints for table `savings_accounts`
--
ALTER TABLE `savings_accounts`
  ADD CONSTRAINT `savings_accounts_member_id_foreign` FOREIGN KEY (`member_id`) REFERENCES `members` (`id`) ON UPDATE CASCADE;

--
-- Constraints for table `savings_collections`
--
ALTER TABLE `savings_collections`
  ADD CONSTRAINT `savings_collections_member_id_foreign` FOREIGN KEY (`member_id`) REFERENCES `members` (`id`),
  ADD CONSTRAINT `savings_collections_user_id_foreign` FOREIGN KEY (`user_id`) REFERENCES `users` (`id`);

--
-- Constraints for table `savings_transactions`
--
ALTER TABLE `savings_transactions`
  ADD CONSTRAINT `savings_transactions_savings_account_id_foreign` FOREIGN KEY (`savings_account_id`) REFERENCES `savings_accounts` (`id`) ON UPDATE CASCADE;

--
-- Constraints for table `staff`
--
ALTER TABLE `staff`
  ADD CONSTRAINT `branch_id_foregin` FOREIGN KEY (`branch_id`) REFERENCES `branches` (`id`) ON UPDATE CASCADE,
  ADD CONSTRAINT `staff_position_id_foreign` FOREIGN KEY (`position_id`) REFERENCES `positions` (`id`) ON UPDATE CASCADE,
  ADD CONSTRAINT `staff_user_id_foreign` FOREIGN KEY (`user_id`) REFERENCES `users` (`id`) ON UPDATE CASCADE;

--
-- Constraints for table `transactions`
--
ALTER TABLE `transactions`
  ADD CONSTRAINT `transaction_loan_id_foregin_id` FOREIGN KEY (`loan_id`) REFERENCES `loans` (`id`) ON UPDATE CASCADE,
  ADD CONSTRAINT `transactions_member_id_foreign` FOREIGN KEY (`member_id`) REFERENCES `members` (`id`) ON UPDATE CASCADE,
  ADD CONSTRAINT `transactions_user_id_foreign` FOREIGN KEY (`user_id`) REFERENCES `users` (`id`) ON UPDATE CASCADE;
COMMIT;

/*!40101 SET CHARACTER_SET_CLIENT=@OLD_CHARACTER_SET_CLIENT */;
/*!40101 SET CHARACTER_SET_RESULTS=@OLD_CHARACTER_SET_RESULTS */;
/*!40101 SET COLLATION_CONNECTION=@OLD_COLLATION_CONNECTION */;
